"Schmidhauser Bruno";"Der Begriff der 'mehreren Unternehmen' im Sinne von Art. 4 Abs. 2 KG";"3 7255 3887 5";"S. 429-446";Druckerzeugnis;"05.12.2003 08:19";"In: Baldi, Marino, Baumann, Max & u.a., (Hrsg.): Der Einfluss des europäischen Rechts auf die Schweiz, Festschrift für Professor Roger Zäch zum 60. Geburtstag";Haupt-Bibliothek;-;Zürich;"Schulthess Polygraphischer Verlag";-;;WB;;;"Uebrige Literatur";"Oeffentliches Recht";;export;0991054;045860890
"Shultz William J./Harriss Lowell C.";"American Public Finance";;556;Druckerzeugnis;"05.12.2003 08:19";"8. A.";Haupt-Bibliothek;"AA 158";"New Jersey";"Prettice Hall Inc. Englewood Cliffs";1965;;YB;;;Wirtschaftswissenschaften;"Allgemeines. Methoden der W. Unterrichts- und Ausbildungsmethoden in den W., Wirtschaftspädagogik";;export;0991055;228062756
"Rölli Alfred";"Die sozio-ökonomischen Bestimmungsfaktoren der Bildung von Wohneigentum in der Schweiz";3.7253.0132.8;297;Druckerzeugnis;"05.12.2003 08:19";"Dissertation der Hochschule St.Gallen Nr. 790";Haupt-Bibliothek;"AF 183";Diessenhofen;Rüegger;1981;;YX;;;Wirtschaftswissenschaften;"Sozialpolitik. Gesundheitswesen. Bildungsökonomie";;export;0991060;271097167
"Meerpohl Jutta";"Die Mutter-/Tochter-Richtlinie der Europäischen Gemeinschaft und ihre Umsetzung in das Recht der Mitgliedstaaten";3-631-32800-1;225;Druckerzeugnis;"05.12.2003 08:19";"Europäische Hochschulschriften, Reihe II, Rechtswissenschaft, Bd. 2334";Haupt-Bibliothek;"KA 172";"Frankfurt am Main";"Peter Lang";1998;;KA;;;"Ausländisches Steuerrecht";"Staatenverbände, Staatengruppen";;reimport;0991061;264946782
"Hansmeyer Karl-Heinrich";"Der Weg zum Wohlfahrtsstaat";;114;Druckerzeugnis;"05.12.2003 08:19";"Wandlungen der Staatstätigkeit im Spiegel der Finanzpolitik unseres Jahrhunderts";Haupt-Bibliothek;"BF 107";"Frankfurt a.M.";"Fritz Knapp Verlag";1957;;YL7;;;Wirtschaftswissenschaften;"Finanzwissenschaft. Betriebswirtschaftliche Steuerlehre";"Finanzpolitik. Fiscal Policy. Finanzwirtschaft und Finanzpolitik einzelner Länder";export;0991064;275140946
"Fries Jean-Marc";"Die überkantonale und überdiözesane Finanzierung der römisch-katholischen Kirche in der Schweiz";;135;Druckerzeugnis;02.03.2004;;Haupt-Bibliothek;"EF 241";Freiburg;Universität;1997;;YQ;;;Wirtschaftswissenschaften;"Spezielle Betriebswirtschaftslehren";;reimport;0991066;515929271
"Schitag Ernst & Young-Gruppe";"Aktuelle Fachbeiträge aus Wirtschaftsprüfung und Beratung - Festschrift zum 65. Geburtstag von Professor Dr. Hans Luik";"3 8202 0658 2";560;Druckerzeugnis;"05.12.2003 08:19";;Haupt-Bibliothek;"JB 127";Stuttgart;"Schäffer Verlag für Wirtschaft und Steuern GmbH";1991;;JB;;;"Allgemeine Steuerrechtsliteratur";"Festschriften, Sammelwerke, Bibliographien";;export;0991072;136317596
"Bircher Thomas";"Die Finanzierung der öffentlichen Spitäler durch die öffentliche Hand";;83;Druckerzeugnis;"05.12.2003 08:19";;Separata;"BE Sep. 05";Bern;Seminararbeit;-;;YL7;;;Wirtschaftswissenschaften;"Finanzwissenschaft. Betriebswirtschaftliche Steuerlehre";"Finanzpolitik. Fiscal Policy. Finanzwirtschaft und Finanzpolitik einzelner Länder";export;0991073;083239693
"Voigt Rüdiger";"Der kooperative Staat";3-7890-3903-9;297;Druckerzeugnis;22.04.2004;"Krisenbewältigung durch Verhandlung?";Haupt-Bibliothek;"WD 231";Baden-Baden;"Nomos Verlagsgesellschaft";1995;;WD;;;"Uebrige Literatur";"Diverse Gebiete, Umweltschutz";;reimport;0991075;292492677
"Brittain John A.";"Corporate Dividend Policy";;245;Druckerzeugnis;10.09.2003;;Haupt-Bibliothek;"CA 119";Washington;"The Brookings Institution";1966;;YL7;YL8;YL9;Wirtschaftswissenschaften;"Finanzwissenschaft. Betriebswirtschaftliche Steuerlehre";"Finanzpolitik. Fiscal Policy. Finanzwirtschaft und Finanzpolitik einzelner Länder-	Allgemeine Steuerlehre, Steuersystem einzelner Länder-	Betriebswirtschaftliche Steuerlehre";export;0991077;215558359
"Ruffner Markus";"Die EG-Harmonisierungs- und Liberalisierungsrichtlinien - Blaupause und Regelungsstandard für das schweizerische Telekommunikationsrecht am Beispiel der Interkonnektion";"3 7255 3887 5";"S. 409-428";Druckerzeugnis;"05.12.2003 08:19";"In: Baldi, Marino, Baumann, Max & u.a., (Hrsg.): Der Einfluss des europäischen Rechts auf die Schweiz, Festschrift für Professor Roger Zäch zum 60. Geburtstag";Haupt-Bibliothek;-;Zürich;"Schulthess Polygraphischer Verlag";-;;WB;;;"Uebrige Literatur";"Oeffentliches Recht";;export;0991080;045860793
"Meyer Jean";"Comptabilité d'entreprise et comptabilité nationale";;118;Druckerzeugnis;"05.12.2003 08:19";"2. A.";Haupt-Bibliothek;"AE 142";Paris;Dunod;1969;;YJ;;;Wirtschaftswissenschaften;"Volkswirtschaftliches Rechnungswesen. Sonstiges, einzelnen Gruppen nicht zuweisbares statistisches Material";;reimport;0991087;501208747
"Recktenwald Horst Claus";"Die Nutzen-Kosten-Analyse";3.16.331991.2;56;Druckerzeugnis;05.12.2003;;Haupt-Bibliothek;"BG 114";Tübingen;"J.C.B. Mohr (Paul Siebeck)";1971;;YL7;;;Wirtschaftswissenschaften;"Finanzwissenschaft. Betriebswirtschaftliche Steuerlehre";"Finanzpolitik. Fiscal Policy. Finanzwirtschaft und Finanzpolitik einzelner Länder";export;0991089;265746647
OECD;"Checklist on Law Drafting and Regulatory Management in Central and Eastern Europe";-;29;Druckerzeugnis;"05.12.2003 08:19";"Sigma Papers No. 15";Haupt-Bibliothek;"EA 294";Paris;SIGMA-OECD;1997;;YQ;;;Wirtschaftswissenschaften;"Spezielle Betriebswirtschaftslehren";;reimport;0991098;515931314
"Mästle Andreas";"Die Steuerunion - Probleme der Harmonisierung spezifischer Gütersteuern";"3 8204 0152 0";195;Druckerzeugnis;05.12.2003;;Haupt-Bibliothek;"KA 328";"Frankfurt/Bern/New York";"Peter Lang";1987;;KA;;;"Ausländisches Steuerrecht";"Staatenverbände, Staatengruppen";;export;0991099;537114009
"Dunn David/Pellechio Anthony";"Analyzing Taxes on Business Income with the Marginal Effective Tax Rate Model";;115;Druckerzeugnis;"02.02.2004 16:21";;Haupt-Bibliothek;"PL 127";Washington;"World Bank";1990;;PL;;;"Einkommen- und Vermögensteuern, Ertrag- und Kapitalsteuern";"Gewinnsteuer der Kapitalgesellschaften";;reimport;0991102;515924490
"Letsch Hans";"Die Ausgabenflut im Staatshaushalt als volkswirtschaftliches und staatspolitisches Problem";;40;Druckerzeugnis;20.04.2004;;Separata;"BF Sep. 02";Aarau;"Aargauische Handelskammer";1967;;YL7;;;Wirtschaftswissenschaften;"Finanzwissenschaft. Betriebswirtschaftliche Steuerlehre";"Finanzpolitik. Fiscal Policy. Finanzwirtschaft und Finanzpolitik einzelner Länder";reimport;0991103;26820814X
"Glastetter Werner";"Das Integrationsproblem in den ökonomischen Grundwissenschaften";;244;Druckerzeugnis;"05.12.2003 08:19";"Im Auftrag des Senats herausgegeben von Professor Dr. H. G. Schachtschabel- Band 16";Haupt-Bibliothek;"AC 122";Stuttgart;W.Kohlhammer;1966;;YL1;;;Wirtschaftswissenschaften;"Finanzwissenschaft. Betriebswirtschaftliche Steuerlehre";Allgemeines;export;0991113;291813852;;"Im Auftrag des Senats herausgegeben von Professor Dr. H. G. Schachtschabel- Band 16"
"Dworak Robert J.";"Taxpayers-Taxes-and Government Spending - Perspectives on the Taxpayer Revolt";;256;Druckerzeugnis;"03.02.2004 15:36";;Haupt-Bibliothek;"KC 123";"New York";Praeger;1980;;KC;;;"Ausländisches Steuerrecht";USA;;export;0991114;296998400
"Stanford Research Institute/u.a.";"Costs of urban infrastructure for industry as related to city size in developing countries";;435;Druckerzeugnis;"05.12.2003 08:19";"India Case Study";Haupt-Bibliothek;"AJ 169";;;1968;;YY;;;Wirtschaftswissenschaften;"Regionale Wirtschaftspolitik. Stadtplanung";;reimport;0991117;515921467
"Müller Stefan";"Die Struktur des öffentlichen Personals in der Schweiz";"3 7253 0192 1";98;Druckerzeugnis;"05.12.2003 08:19";;Haupt-Bibliothek;"EA 196";Diessenhofen;Rüegger;1983;;YQ;;;Wirtschaftswissenschaften;"Spezielle Betriebswirtschaftslehren";;export;0991120;280414536
"Fischer Robert";"Buchführung-Rechnungsablage und Finanzprobleme der zürcherischen Gemeinden";-;116;Druckerzeugnis;"05.12.2003 08:19";;Haupt-Bibliothek;"VF 103";Wädenswil;"A. Stutz & Co.";1964;;YL2;;;Wirtschaftswissenschaften;"Finanzwissenschaft. Betriebswirtschaftliche Steuerlehre";"Haushaltsaufstellung, -verwaltung und -kontrolle";export;0991122;150203446
"Schenk Günter";"Auswirkungen der Einkommensteuerreform 1974 auf die Steuerbelastung von Arbeitnehmern";-;286;Druckerzeugnis;"02.02.2004 16:38";"Dissertation der Uni Berlin";Haupt-Bibliothek;"KB 311";Berlin;Reprotechnik;1977;;KB;;;"Ausländisches Steuerrecht";Deutschland;;export;0991124;181372819
"Nieswandt Norbert";"Der Beitrag der Ökonomischen Theorie der Politik zur Begründung der These von der 'Öffentlichen Armut'";3.921543.54.1;235;Druckerzeugnis;"05.12.2003 08:19";;Haupt-Bibliothek;"AC 187";Bochum;"Studienverlag N. Brockmeyer";1976;;YL1;;;Wirtschaftswissenschaften;"Finanzwissenschaft. Betriebswirtschaftliche Steuerlehre";Allgemeines;export;0991126;274151812
"Planta Louis";"Die Aufgaben des Vororts im Spannungsfeld zwischen Staat und Wirtschaft";;5;Druckerzeugnis;22.04.2004;"Sonderdruck aus Ordo et Libertas (Festschrift für Gerhard Winterberger)";Separata;"WD Sep. 17";Bern;"Stämpfli & Cie AG";1982;;WD;;;"Uebrige Literatur";"Diverse Gebiete, Umweltschutz";;reimport;0991127;267011946
"Thiemann Rolf";"Die Effizienz geldpolitischer Indikatoren Eine theoretische und empirische Analyse für die Bundesrepublik Deutschland";;212;Druckerzeugnis;06.09.2004;"Inaugural-Dissertation der Westfälischen Wilhelms-Universität zu Münster, 1977";Haupt-Bibliothek;"AK 0265";;Offset;1977;;YK;;;Wirtschaftswissenschaften;"Geld, Kredit- und Bankwesen. Bankbetriebslehre";;export;0991138;289071720
"Paulenz Rainer";"Der Einsatz finanzpolitischer Instrumente in der Forschungs- und Entwicklungspolitik";;232;Druckerzeugnis;"05.12.2003 08:19";"Möglichkeiten der Lenkung privater Forschungs- und Entwicklungstätigkeit durch steuerliche Vergünstigungen, Subventionen und öffentliche Aufträge";Haupt-Bibliothek;"AG 321";"Frankfurt am Main";"Peter Lang";1978;;YN;;;Wirtschaftswissenschaften;"Konjunkturschwankungen, Stabilitätspolitik";;export;0991142;281413452
"Doerig Hans-Ulrich";"Der staatliche Einfluss auf die regionale Verteilung von Bevölkerung und Wirtschaft";;187;Druckerzeugnis;"05.12.2003 08:19";"Unter besonderer Berücksichtigung der zentral- und gliedstaatlichen Industriestrukturpolitik im Kanton St. Gallen";Haupt-Bibliothek;"AJ 135";Zürich;"Polygraphischer Verlag AG";1968;;YY;;;Wirtschaftswissenschaften;"Regionale Wirtschaftspolitik. Stadtplanung";;export;0991147;368195929
"Rolle Eberhard";"Die optimale Preisregel und das Problem der Gesamtkostendeckung bei öffentlichen Unternehmen";;184;Druckerzeugnis;"05.12.2003 08:19";;Haupt-Bibliothek;"EF 145";Göttingen;Offset-Druck;1969;;YQ;;;Wirtschaftswissenschaften;"Spezielle Betriebswirtschaftslehren";;reimport;0991153;29436689X
"Jakob Wolfgang";Umsatzsteuer;978-3-406-58883-9;341;Druckerzeugnis;"29.07.2011 18:10";"4. A.";"HB Steuerrecht";"QB 380";München;"C.H. Beck Verlag";2009;;QB;;;Verbrauchsteuern;Umsatzsteuer;;reimport;0991158;515924903
"Petitpierre Gilles";"A propos des conventions exclusives de la responsabilité";-;S.347-358;Druckerzeugnis;"05.12.2003 08:19";"In: Dufour, Alfred, u.a. , (Hrsg.): Mélanges en l'honneur du Professeur Bruno Schmidlin";Haupt-Bibliothek;-;-;-;-;;WC;;;"Uebrige Literatur";Privatrecht;;export;0991159;480870233
"Ronzani Silvio";"Arbeitskräftewanderung und gesellschaftliche Entwicklung";3.445.02031.0;234;Druckerzeugnis;"05.12.2003 08:19";"Erfahrungen in Italien, in der Schweiz und in der Bundesrepublik Deutschland";Haupt-Bibliothek;"AK 1046";Königstein;"Verlag Anton Hain";1980;;YC;;;Wirtschaftswissenschaften;"Wirtschaftstheorie, einschliesslich Geldtheorie";;export;0991160;262267942
"Berger Wolfgang/Kindl Caroline/Wakounig Marian";Mehrwertsteuersystemrichtlinie;978-3-7007-4294-4;678;Druckerzeugnis;"29.07.2011 18:17";"Praxiskommentar - Kurzkommentierung - Zentrale Entscheidungen des EuGH - Auslegungsgrundsätze des Europäischen MwSt-Rechts";"HB Steuerrecht";"QB 381";Wien;"LexisNexis Verlag ARD Orac GmbH & Co KG";2009;;QB;;;Verbrauchsteuern;Umsatzsteuer;;export;0991166;299368033
"Glessner Miriam";"Die grenzüberschreitende stille Gesellschaft im Internationalen Steuerrecht";3-631-35739-7;369;Druckerzeugnis;"05.12.2003 08:19";"Einkommen- und körperschaftsteuerliche Wirkungen aus deutscher Sicht - Europäische Hochschulschriften, Reihe V, Volks- und Betriebswirtschaft, Bd. 2565";Haupt-Bibliothek;"LD 168";"Frankfurt a. Main / Berlin / Bern / Brüssel / New York / Wien";"Peter Lang- Europäischer Verlag der Wissenschaften";2000;;LD;;;"Interkantonales/Internationales Steuerrecht";Deutschland;;export;0991167;285159607
"Gross Thomas";"Die Entwicklung der öffentlichen Ausgaben in der Schweiz mit besonderer Berücksichtigung des Kantons Zürich 1860-1910";3.261.04760.7;126;Druckerzeugnis;"05.12.2003 08:19";;Haupt-Bibliothek;"BF 116";"Bern, Frankfurt";"Peter Lang";1980;;YL7;;;Wirtschaftswissenschaften;"Finanzwissenschaft. Betriebswirtschaftliche Steuerlehre";"Finanzpolitik. Fiscal Policy. Finanzwirtschaft und Finanzpolitik einzelner Länder";export;0991168;281874190
"Georgi Hanspeter";"Cost-benefit-analysis als Lenkungsinstrument öffentlicher Investitionen im Verkehr";;226;Druckerzeugnis;"05.12.2003 08:19";;Haupt-Bibliothek;"BG 113";Göttingen;"Vandenhoeck & Ruprecht";1970;;YL7;;;Wirtschaftswissenschaften;"Finanzwissenschaft. Betriebswirtschaftliche Steuerlehre";"Finanzpolitik. Fiscal Policy. Finanzwirtschaft und Finanzpolitik einzelner Länder";export;0991169;279337175
"Schweiz. Nationalbank";Aufgaben-Instrumente-Organisation;;29;Druckerzeugnis;"05.12.2003 08:19";;Separata;"AK Sep. 433";Zürich;"Schweiz. Nationalbank";1983;;YR;;;Wirtschaftswissenschaften;"Gewerbepolitik. Einzelne Wirtschaftszweige";;export;0991178;29612608X
"Oswald Hans";"Die ausländischen Direktinvestitionen in der Industrialisierungspolitik des Andenpaktes";;"225 + Anhang";Druckerzeugnis;06.09.2004;"Dissertation der HSG, Nr. 644, 1977";Haupt-Bibliothek;"AK 0536";Diessenhofen;"Verlag Rüegger CH";1977;;YM;;;Wirtschaftswissenschaften;"Internationaler Handel. Zahlungsbilanz und Wechselkurse";;export;0991185;403750482
"Merz Dominique";"Hochschulwesen: Wer finanziert wem die Ausbildung?";3.7190.1040.6;277-308;Druckerzeugnis;"05.12.2003 08:19";"In: Frey René/Leu Robert (Hrsg.): Der Sozialstaat unter der Lupe";Haupt-Bibliothek;-;Basel/Frankfurt;"Helbing & Lichtenhahn";1988;;YX;;;Wirtschaftswissenschaften;"Sozialpolitik. Gesundheitswesen. Bildungsökonomie";;export;0991186;350276234
"Lüthy Herbert";"Die Mathematisierung der Sozialwissenschaften";;18;Druckerzeugnis;20.04.2004;"Festrede am Hochschultag der Hochschule St. Gallen";Separata;"WD Sep. 06";"St. Gallen";;1968;;WD;;;"Uebrige Literatur";"Diverse Gebiete, Umweltschutz";;export;0991190;092714285
"Fritzsche Bruno W.";"Die Schweiz zwischen Tradition und Fortschritt";;10;Druckerzeugnis;"05.12.2003 08:19";"Das Problem der Überfremdung aus der Sicht des Historikers";Separata;"AG Sep. 17";Zürich;"Gesellschaft zur Förderung der schweizerischen Wirtschaft";1969;;YN;;;Wirtschaftswissenschaften;"Konjunkturschwankungen, Stabilitätspolitik";;export;0991193;270159258
"Maass Jürgen";"Die Flexibilität der Staatsausgaben";3-531-02305-5;274;Druckerzeugnis;"05.12.2003 08:19";"Ein Beitrag zur Theorie der öffentlichen Ausgabenpolitik - Forschungsberichte des Landes Nordrhein-Westfalen Nr. 2305";Haupt-Bibliothek;"BF 112 1";Opladen;"Westdeutscher Verlag";1973;;YL7;YL2;;Wirtschaftswissenschaften;"Finanzwissenschaft. Betriebswirtschaftliche Steuerlehre";"Finanzpolitik. Fiscal Policy. Finanzwirtschaft und Finanzpolitik einzelner Länder-	Haushaltsaufstellung, -verwaltung und -kontrolle";export;0991195;28329518X
"Klöti Ulrich";"Die Chefbeamten der schweizerischen Bundesverwaltung";;214;Druckerzeugnis;04.11.2004;"Sozioligische Querschnitte in den Jahren 1938, 1955 und 1969";Haupt-Bibliothek;"WA 305";Bern;"Francke Verlag";1972;;YP;;;Wirtschaftswissenschaften;"Allgemeine Betriebswirtschaftslehre";;export;0991197;278348998
"Pressekomitee für Fiskalfragen";"Die kalte Progression";;107;Druckerzeugnis;"05.12.2003 08:19";"Tagung vom 19.10.82";Haupt-Bibliothek;"CE 122";Bern;"Informationsstelle für Steuerfragen";1982;;YL7;YL8;;Wirtschaftswissenschaften;"Finanzwissenschaft. Betriebswirtschaftliche Steuerlehre";"Finanzpolitik. Fiscal Policy. Finanzwirtschaft und Finanzpolitik einzelner Länder-	Allgemeine Steuerlehre, Steuersystem einzelner Länder";export;0991198;292244126
"Pettengill Robert B.";"Can cities survive?";"Library of Congress Catalog Card Number: 72-95903";150;Druckerzeugnis;10.09.2003;"The Fisical Plight of American Cities";Haupt-Bibliothek;"EC 120";"New York";"St.Martin's Press";1974;;YL3;YQ;;Wirtschaftswissenschaften;"Finanzwissenschaft. Betriebswirtschaftliche Steuerlehre-	Spezielle Betriebswirtschaftslehren";"Finanzwirtschaft untergeordneter Gebietskörperschaften";export;0991200;078686415
"Deutsche Gesellschaft für Betriebswirtschaft";"Besteuerung der Wirtschaft in der EWG - Praxis von heute und morgen";;163;Druckerzeugnis;"05.12.2003 08:19";"3. A.";Haupt-Bibliothek;"KA 115";Berlin;"Deutsche Gesellschaft für Betriebswirtschaft";1972;;KA;;;"Ausländisches Steuerrecht";"Staatenverbände, Staatengruppen";;export;0991202;083222596
"Stadie Holger";"UStG: Kommentar";978-3-504-24327-2;1396;Druckerzeugnis;"29.07.2011 18:24";"1. A.";"HB Steuerrecht";"QB 379";Köln;"Otto Schmidt Verlag";2009;;QB;;;Verbrauchsteuern;Umsatzsteuer;;export;0991205;292450508
"Jucker W.";"Arbeitsmarkt und Integration";;10;Druckerzeugnis;06.09.2004;;Separata;"AK Sep. 314";;;1968;;YM;;;Wirtschaftswissenschaften;"Internationaler Handel. Zahlungsbilanz und Wechselkurse";;export;0991206;176092137
"Kroll Rüdiger";"Das Leistungsziel als Verhaltensdeterminante von Bankunternehmungen der öffentlichen Hand";;175;Druckerzeugnis;"05.12.2003 08:19";"Betriebswirtschaftliche Forschungsergebnisse Bd 38";Haupt-Bibliothek;"EF 124";Berlin;"Duncker & Humblot";1968;;YQ;;;Wirtschaftswissenschaften;"Spezielle Betriebswirtschaftslehren";;export;0991208;172946158
"Kommission für die Überprüfung der strukturellen Gliederung des Kantons Zürich";"Der organisatorische Neubau des Kantons Zürich";;254;Druckerzeugnis;"05.12.2003 08:19";"Schlussbericht der Kommission für die Überprüfung der strukturellen Gliederung des Kantons Zürich";Haupt-Bibliothek;"AJ 272";;Offset;1977;;YY;;;Wirtschaftswissenschaften;"Regionale Wirtschaftspolitik. Stadtplanung";;export;0991218;294400974
"Staringer Claus";"Besteuerung doppelt ansässiger Kapitalgesellschaften";3-85122-940-1;462;Druckerzeugnis;"05.12.2003 08:19";;Haupt-Bibliothek;"KD 115";Wien;"Linde Verlag Ges.m.b.H.";1999;;KD;;;"Ausländisches Steuerrecht";Oesterreich;;reimport;0991219;32419238X
"Wechsler Martin";"Berufliche Altersvorsorge: Für welche Versicherten ist das BVG ein gutes Geschäft?";3.7190.1040.6;235-248;Druckerzeugnis;"05.12.2003 08:19";"In: Frey René/Leu Robert (Hrsg.): Der Sozialstaat unter der Lupe";Haupt-Bibliothek;-;Basel/Frankfurt;"Helbing & Lichtenhahn";1988;;YX;;;Wirtschaftswissenschaften;"Sozialpolitik. Gesundheitswesen. Bildungsökonomie";;export;0991222;350401985
"Oberson Raoul";"De quelques jurisprudences du Tribunal administratif de Genève en matière fiscale (1971-1976";"2 88033 001 7";613-652;Druckerzeugnis;"05.12.2003 08:19";"In: Association Henri Zwahlen pour le développement du droit administratif et du droit fiscal, (Hrsg.), Mélanges Henri Zwahlen - Recueil de travaux publiés à la mémoire du juge fédéral et professeur H. Zwahlen";Haupt-Bibliothek;-;Lausanne;"Imprimerie E. Ruckstuhl SA";-;;MA;;;"Verfahrensrecht und Steuerstrafrecht";"Allgemeines Verfahrensrecht";;export;0991237;479882142
"Klein L. R./Goldberger A. S.";"An Econometric Model of the United States 1929-1952";;159;Druckerzeugnis;01.12.2004;;Haupt-Bibliothek;"AE 138";Amsterdam;"North-Holland Publishing Company";1969;;YJ;;;Wirtschaftswissenschaften;"Volkswirtschaftliches Rechnungswesen. Sonstiges, einzelnen Gruppen nicht zuweisbares statistisches Material";;export;0991242;422928429
OCDE;"Dépenses fiscales - Problèmes et pratiques suivies par les pays";"92 64 22589 7";89;Druckerzeugnis;06.02.2004;;Haupt-Bibliothek;"KA 332";Paris;OCDE;1984;;KA;;;"Ausländisches Steuerrecht";"Staatenverbände, Staatengruppen";;export;0991244;418152942
"Zweifel Martin";"Die rechtsstaatliche Ausgestaltung des Steuerhinterziehungsverfahrens vor Verwaltungsbehörden";"3 258 04186 5";223-242;Druckerzeugnis;"05.12.2003 08:19";"In: Höhn, Ernst & Vallender, Klaus A., (Hrsg.): Steuerrecht im Rechtsstaat - Festschrift für Prof. Dr. Francis Cagianut zum 65. Geburtstag";"HB Finanzwissenschaft";-;Bern/Stuttgart;"Paul Haupt";-;;M;MJ;;"Verfahrensrecht und Steuerstrafrecht";Steuerhinterziehung;;export;0991250;268691738
OECD;"Civil Service Pension Schemes";;124;Druckerzeugnis;"05.12.2003 08:19";;Haupt-Bibliothek;"EH 141";Paris;OECD;1997;;YQ;;;Wirtschaftswissenschaften;"Spezielle Betriebswirtschaftslehren";;reimport;0991251;51593139X
"Dornbusch Hans-Ludwig";"Das Sozialbudget der Bundesrepublik Deutschland";-;95;Druckerzeugnis;"05.12.2003 08:19";"- Westdeutscher Rückblick und gesamtdeutscher Ausblick - IFSt-Schrift 313";Haupt-Bibliothek;-;-;-;-;;YX;;;Wirtschaftswissenschaften;"Sozialpolitik. Gesundheitswesen. Bildungsökonomie";;export;0991256;529014483
"Kenyon Daphne A./Kincaid John";"Competition among States and Local Governments";0-87766-517-6;285;Druckerzeugnis;"05.12.2003 08:19";"Efficiency and Equity in American Federalism";Haupt-Bibliothek;"AC 298";"Washinton, D.C.";"The Urban Insitute Press";1991;;YL1;;;Wirtschaftswissenschaften;"Finanzwissenschaft. Betriebswirtschaftliche Steuerlehre";Allgemeines;reimport;0991257;300065841
"Hey Johanna";Einkünfteermittlung;978-3-504-62036-3;424;Druckerzeugnis;"30.09.2011 16:42";"Deutsche Steuerjuristische Gesellschaft, Bd. 34 - 35. Jahrestagung der Deutschen Steuerjuristischen Gesellschaft e.V. Potsdam, 13. und 14. September 2010";Haupt-Bibliothek;"KB 119";Köln;"Verlag Dr. Otto Schmidt KG";2011;;KB;;;"Ausländisches Steuerrecht";Deutschland;;export;0991258;330207393
"Jarzyk-Dehne Friederike";"Pauschalierungen im Steuerrecht";3-428-11081-1;294;Druckerzeugnis;06.02.2004;"Schriften zum Steuerrecht- Band 77- hrsg. von Lang/Meincke";Haupt-Bibliothek;"KB 219";Berlin;"Duncker & Humblot GmbH";2003;;KB;;;"Ausländisches Steuerrecht";Deutschland;;reimport;0991259;515926612;;"Schriften zum Steuerrecht- Band 77- hrsg. von Lang/Meincke"
"Schwarz Heinrich";"Containergewichtsgebühr - eine praxiserprobte Alternative zur Sackgebühr";;22-27;Druckerzeugnis;22.04.2004;;Separata;"WD Sep. 21";;;1993;;WD;;;"Uebrige Literatur";"Diverse Gebiete, Umweltschutz";;export;0991260;349383715
"Nowak Werner";"Das 'Gemeinnützige Unternehmen' als Instrument der Wohnungspolitik";3.428.02900.3;263;Druckerzeugnis;"05.12.2003 08:19";;Haupt-Bibliothek;"AJ 214";Berlin;"Duncker & Humlot";1973;;YY;;;Wirtschaftswissenschaften;"Regionale Wirtschaftspolitik. Stadtplanung";;export;0991262;284203238
"Altermatt Bruno";"Landwirtschaftspolitik: Hilfe für die armen Bauern?";3.7190.1040.6;177-206;Druckerzeugnis;"05.12.2003 08:19";"In: Frey René/Leu Robert (Hrsg.): Der Sozialstaat unter der Lupe";Haupt-Bibliothek;-;Basel/Frankfurt;"Helbing & Lichtenhahn";1988;;YX;;;Wirtschaftswissenschaften;"Sozialpolitik. Gesundheitswesen. Bildungsökonomie";;export;0991265;350114706
"Reich Markus";"Die steuerneutrale Reservenübertragung bei Unternehmensumstrukturierungen - neuere Entwicklung und Tendenzen";"3 7272 9220 2";379-403;Druckerzeugnis;"05.12.2003 08:19";"In: Reich, M. & Zweifel, M., (Hrsg.): Das schweizerische Steuerrecht - Eine Standortbestimmung Festschrift zum 70. Geburtstag von Prof. Dr. Ferdinand Zuppinger";Haupt-Bibliothek;-;Bern;"Stämpfli & Cie AG";-;;PK;;;"Einkommen- und Vermögensteuern, Ertrag- und Kapitalsteuern";"Besteuerung juristischer Personen, Kapitalgesellschaften";;export;0991266;29668161X
"Laule Gerhard";"Der Gleichheitssatz (Art. 3 Abs. 1 GG) in der Rechtsprechung der Steuergerichte";;133;Druckerzeugnis;05.12.2003;;Haupt-Bibliothek;"JD 105";Düsseldorf;"Institut der Wirtschaftsprüfer GmbH";1961;;JD;;;"Allgemeine Steuerrechtsliteratur";"Grundsätze der Rechtsanwendung";;reimport;0991272;284832448
"Boeger W./Ctwrtecka E.";"Das Erschliessungsbeitragsrecht in der Praxis";;330;Druckerzeugnis;10.09.2003;"Überschichten, Rechtsprechung und Erlasse 95 Urteile";Haupt-Bibliothek;"CB 107";Herne/Berlin;"Verlag neue Wirtschafts-Briefe GmbH";1968;;YL7;YL8;;Wirtschaftswissenschaften;"Finanzwissenschaft. Betriebswirtschaftliche Steuerlehre";"Finanzpolitik. Fiscal Policy. Finanzwirtschaft und Finanzpolitik einzelner Länder-	Allgemeine Steuerlehre, Steuersystem einzelner Länder";export;0991275;129910570
"Haller Heinz";"Die Rolle der Staatsfinanzen für den Inflationsprozess";;40;Druckerzeugnis;"05.12.2003 08:19";;Separata;"AG Sep. 73";Zürich;"Wirtschaftwissenschaftliches Institut der Universität Zürich";1974;;YN;;;Wirtschaftswissenschaften;"Konjunkturschwankungen, Stabilitätspolitik";;export;0991276;269456643
"Höhn Ernst";"Die Bedeutung der Vermögensart (Privatvermögen oder Geschäftsvermögen) im Einkommensteuerrecht";"3 7272 9220 2";205-218;Druckerzeugnis;"05.12.2003 08:19";"In: Reich, M. & Zweifel, M., (Hrsg.): Das schweizerische Steuerrecht - Eine Standortbestimmung Festschrift zum 70. Geburtstag von Prof. Dr. Ferdinand Zuppinger";Haupt-Bibliothek;-;Bern;"Stämpfli & Cie AG";-;;PC;;;"Einkommen- und Vermögensteuern, Ertrag- und Kapitalsteuern";"Einkommensteuer allgemein";;export;0991278;272384844
"Hesselbach Walter";"Die gemeinwirtschaftlichen Unternehmen";"3 434 00129 8";189;Druckerzeugnis;"05.12.2003 08:19";"Instrumente gewerkschaftlicher und genossenschaftlicher Struktur- und Wettbewerbspolitik";Haupt-Bibliothek;"EF 141";Frankfurt;"Europäische Verlagsanstalt";1971;;YQ;;;Wirtschaftswissenschaften;"Spezielle Betriebswirtschaftslehren";;export;0991281;102113262
"Dollinger Franz/Strobl Josef";"Angewandte geographische Informationstechnologie";;198;Druckerzeugnis;"05.12.2003 08:19";"Beiträge zum GIS-Symposium, 5.-7. Juli 1989";Haupt-Bibliothek;"AJ 381";Salzburg;"Institut für Geographie der Universität Salzburg";1989;;YY;;;Wirtschaftswissenschaften;"Regionale Wirtschaftspolitik. Stadtplanung";;export;0991282;528772910
"Bunde Jürgen/Postlep Rolf-Dieter";"Controlling in Kommunalverwaltungen";3-926570-91-1;183;Druckerzeugnis;"05.12.2003 08:19";"Controlling zur Rationalisierung der Kommunalpolitik";Haupt-Bibliothek;"VE 186";Marburg;Metropolis-Verlag;1994;;YL2;;;Wirtschaftswissenschaften;"Finanzwissenschaft. Betriebswirtschaftliche Steuerlehre";"Haushaltsaufstellung, -verwaltung und -kontrolle";reimport;0991284;279246412
"Stöckli Jean-Fritz";"Die EU-Richtlinie über den Elternurlaub als Ergebnis kooperativer Rechtsetzung";"3 7255 3887 5";"S. 607-620";Druckerzeugnis;"05.12.2003 08:19";"In: Baldi, Marino, Baumann, Max & u.a., (Hrsg.): Der Einfluss des europäischen Rechts auf die Schweiz, Festschrift für Professor Roger Zäch zum 60. Geburtstag";Haupt-Bibliothek;-;Zürich;"Schulthess Polygraphischer Verlag";-;;WB;;;"Uebrige Literatur";"Oeffentliches Recht";;export;0991285;282525408
"Honsell Heinrich";"Amerikanische Rechtskultur";"3 7255 3887 5";39-56;Druckerzeugnis;"05.12.2003 08:19";"In: Baldi, Marino, Baumann, Max & u.a., (Hrsg.): Der Einfluss des europäischen Rechts auf die Schweiz, Festschrift für Professor Roger Zäch zum 60. Geburtstag";Haupt-Bibliothek;-;Zürich;"Schulthess Polygraphischer Verlag";-;;KC;;;"Ausländisches Steuerrecht";USA;;export;0991288;045855137
Bertelsmann-Stiftung;"Demokratie und Effizienz in der Kommunalverwaltung";3-89204-113-X;169;Druckerzeugnis;"05.12.2003 08:19";"Dokumentationsband zur internationalen Recherche";Haupt-Bibliothek;"EF 191";Gütersloh;Bertelsmann-Stiftung;1993;;YQ;;;Wirtschaftswissenschaften;"Spezielle Betriebswirtschaftslehren";;export;0991294;345931734
"Püttner Günter";"Die öffentlichen Unternehmen";;386;Druckerzeugnis;"05.12.2003 08:19";"Verfassungsfragen zur wissenschaftlichen Betätigung der öffentlichen Hand";Haupt-Bibliothek;"EF 133";Berlin/Zürich;"Gehlen, Bad Homburg";1969;;YQ;;;Wirtschaftswissenschaften;"Spezielle Betriebswirtschaftslehren";;export;0991295;265838053
"Lüthy Herbert";"Die Mathematisierung der Sozialwissenschaften";;18;Druckerzeugnis;20.04.2004;"Festrede gehalten unter dem Titel 'Geschichte und Ökonometrie' am Hochschultag der HSG vom 18. Mai 1968";Separata;"AK Sep. 107";;;1968;;YC;;;Wirtschaftswissenschaften;"Wirtschaftstheorie, einschliesslich Geldtheorie";;export;0991190;078655250
"Schauer Reinbert";"Der kommunale Querverbund aus der Sicht von Theorie und Praxis";3-7890-1737-X;194;Druckerzeugnis;"05.12.2003 08:19";"Reihe: Schriften zur öffentlichen Verwaltung und öffentlichen Wirtschaft, Bd. 107";Haupt-Bibliothek;"EF 176";Baden-Baden;Nomos;1989;;YQ;;;Wirtschaftswissenschaften;"Spezielle Betriebswirtschaftslehren";;export;0991296;261767593
"Gygi Ulrich";"Instrumente und Wirkungen";-;"S. 40-47";Druckerzeugnis;"05.12.2003 08:19";"In: Villiger-Kaspar- Gygi-Ulrich- u.a.: Der neue Schweizer Finanzausgleich";Haupt-Bibliothek;-;-;-;-;;YL4;;;Wirtschaftswissenschaften;"Finanzwissenschaft. Betriebswirtschaftliche Steuerlehre";Finanzausgleich;export;0991297;260333530
"Bosshart Jürg";"Die Belastung des Enteigneten mit der Grundstückgewinnsteuer aus steuer- und enteignungsrechtlicher Sicht";"3 7272 9220 2";449-468;Druckerzeugnis;"05.12.2003 08:19";"In: Reich, M. & Zweifel, M., (Hrsg.): Das schweizerische Steuerrecht - Eine Standortbestimmung Festschrift zum 70. Geburtstag von Prof. Dr. Ferdinand Zuppinger";Haupt-Bibliothek;-;Bern;"Stämpfli & Cie AG";-;;PO;;;"Einkommen- und Vermögensteuern, Ertrag- und Kapitalsteuern";"Vermögens- und Grundstückgewinnsteuern";;export;0991306;27453455X
"Kaiser Josef";"Auslegungsgrundsätze im Steuerrecht - Zugleich ein Beitrag zur rechtstheoretischen Präzisierung der wirtschaftlichen Betrachtungsweise";;100;Druckerzeugnis;"05.12.2003 08:19";;Haupt-Bibliothek;"JD 313";Neuwied/Berlin/Darmstadt;"Hermann Luchterhand Verlag";1960;;JD;;;"Allgemeine Steuerrechtsliteratur";"Grundsätze der Rechtsanwendung";;export;0991310;268511594
"Känzig Ernst";"Die steuerrechtliche Behandlung der Veräusserung von Unternehmungen und Unternehmungsanteilen";;87-107;Druckerzeugnis;"05.12.2003 08:19";"In: diverse, (Hrsg.): Festschrift für Irene Blumenstein - Überreicht zum 70. Geburtstag am 23. April 1966";Haupt-Bibliothek;-;Bern;Genossenschaftsbuchdruckerei;-;;PK;;;"Einkommen- und Vermögensteuern, Ertrag- und Kapitalsteuern";"Besteuerung juristischer Personen, Kapitalgesellschaften";;export;0991319;103683313
"Huber Hans";"Das interkantonale Doppelbesteuerungsrecht als Richterrecht";;43-64;Druckerzeugnis;"05.12.2003 08:19";"In: diverse, (Hrsg.): Festschrift für Irene Blumenstein - Überreicht zum 70. Geburtstag am 23. April 1966";Haupt-Bibliothek;-;Bern;Genossenschaftsbuchdruckerei;-;;LB;;;"Interkantonales/Internationales Steuerrecht";"Interkantonales Steuerrecht";;export;0991320;103683291
"Benz Gerhard";"Die Liquidation der Reichsschulden durch den Deutschen Bund-dargestellt am Beispiel des Deutschen und des Johanniter-Ordens";;193;Druckerzeugnis;"05.12.2003 08:19";;Haupt-Bibliothek;"AB 106";Mainz;Offset-Druck;1972;;YL1;;;Wirtschaftswissenschaften;"Finanzwissenschaft. Betriebswirtschaftliche Steuerlehre";Allgemeines;export;0991322;177146699
"Mauch Rolf";"Die Entwicklung der Altersvorsorge in der Schweiz in wirtschaftlicher Sicht";;56;Druckerzeugnis;"05.12.2003 08:19";;Haupt-Bibliothek;"AF 119";Aarau;"Aargauische Handelskammer";1970;;YX;;;Wirtschaftswissenschaften;"Sozialpolitik. Gesundheitswesen. Bildungsökonomie";;reimport;0991329;281861552
"Meier Ernst J.";"Die Steuerlast des Schweizers";-;62;Druckerzeugnis;"02.03.2004 14:56";"Eine Betrachtung zur Finanzreform des Bundes";Haupt-Bibliothek;"TA 121";"Affoltern a. A.";"Aehren Verlag";-;;TA;;;"Finanz- und Steuerpolitik (Finanzreform)";Bund;;export;0991330;127420959
"LaPatra Jack W.";"Applying the Systems Approach to Urban Development";0.87933.042.2;296;Druckerzeugnis;"05.12.2003 08:19";;Haupt-Bibliothek;"AJ 244";StrStroudsburg;"Dowden Hutchinson, Ross, Inc.";1973;;YY;;;Wirtschaftswissenschaften;"Regionale Wirtschaftspolitik. Stadtplanung";;reimport;0991333;51592606X
"Häusel Urs";"Drei Basler Infrastrukturobjekte: Beutet das Zentrum sein Umland aus?";3.7190.1040.6;325-350;Druckerzeugnis;"05.12.2003 08:19";"In: Frey René/Leu Robert (Hrsg.): Der Sozialstaat unter der Lupe";Haupt-Bibliothek;-;Basel/Frankfurt;"Helbing & Lichtenhahn";1988;;YX;;;Wirtschaftswissenschaften;"Sozialpolitik. Gesundheitswesen. Bildungsökonomie";;export;0991345;350206074
"Brunsbach Stefan/Endres Dieter/Lüdicke Jürgen/Schnitger Arne";"Deutsche Abkommenspolitik - Trends und Entwicklungen 2011/2012";-;148;Druckerzeugnis;"19.12.2012 17:15";"IFSt-Schrift 480";Haupt-Bibliothek;-;-;-;-;;LD;;;"Interkantonales/Internationales Steuerrecht";Deutschland;;export;0991347;529014394
"Zavelberg Heinz Günter";"Bundesrechnungshof 1992/1993";-;219;Druckerzeugnis;"05.12.2003 08:19";"Jahresbericht der Bundesrepublik Deutschland";Haupt-Bibliothek;"VE 178";"Frankfurt a/Main";Bundesrechnungshof;1993;;YL2;;;Wirtschaftswissenschaften;"Finanzwissenschaft. Betriebswirtschaftliche Steuerlehre";"Haushaltsaufstellung, -verwaltung und -kontrolle";export;0991351;075101343
EG-Kommission;"Die Europäische Gemeinschaft und ihre Regionen";92.825.5585.2;57;Druckerzeugnis;"05.12.2003 08:19";"10 Jahre Regionalpolitik der Gemeinschaft und Europäischer Fonds für regionale Entwicklung (EFRE)";Haupt-Bibliothek;"FA 101";Luxemburg;EG;1985;;YL5;YM;;Wirtschaftswissenschaften;"Finanzwissenschaft. Betriebswirtschaftliche Steuerlehre-	Internationaler Handel. Zahlungsbilanz und Wechselkurse";"Finanzwirtschaft supranationaler Behörden";reimport;0991353;515922706
"Gygi Fritz";"Die Berücksichtigung der Grundstückgewinnsteuer bei der Bemessung der Enteignungsentschädigung";;"Sep 23";Druckerzeugnis;"05.12.2003 08:19";"In: diverse, (Hrsg.): Festschrift für Irene Blumenstein - Überreicht zum 70. Geburtstag am 23. April 1966";Haupt-Bibliothek;-;Bern;Genossenschaftsbuchdruckerei;-;;PO;;;"Einkommen- und Vermögensteuern, Ertrag- und Kapitalsteuern";"Vermögens- und Grundstückgewinnsteuern";;export;0991354;103683275
OECD;"Bildung Kompakt";92-64-54405-4;371;Druckerzeugnis;"05.12.2003 08:19";OECD-Indikatoren;Haupt-Bibliothek;"EJ 148";Paris;OECD;1995;;YQ;;;Wirtschaftswissenschaften;"Spezielle Betriebswirtschaftslehren";;export;0991357;124948510
"Jenssen Jens";"Die Finanzierung von Investitionen aus Abschreibungen in einer gleichgewichtigen Wirtschaft";;240;Druckerzeugnis;"05.12.2003 08:19";"Dissertation der Georg-August-Universität, Göttingen 1973";Haupt-Bibliothek;"AG 226";;Offsetdruck;1973;;YN;;;Wirtschaftswissenschaften;"Konjunkturschwankungen, Stabilitätspolitik";;reimport;0991358;515922986
"Lohr Armin";"Der internationale Auskunftsverkehr im Steuerverfahren";3-7007-0354-6;114;Druckerzeugnis;"05.12.2003 08:19";"Aktuelle Beiträge zum österreichischen Abgabenrecht, Heft 20";Haupt-Bibliothek;"LP 107";Wien;"Wirtschaftsverlag Dr. Anton Orac";1993;;LP;;;"Interkantonales/Internationales Steuerrecht";Oesterreich;;reimport;0991362;260418145
"Statistisches Bureau des Kantons Bern";"Aufgaben der Finanzkontrolle";;30;Druckerzeugnis;"05.12.2003 08:19";;Separata;"VE Sep. 04";Bern;"Statistisches Bureau des Kanton Bern";1969;;YL2;;;Wirtschaftswissenschaften;"Finanzwissenschaft. Betriebswirtschaftliche Steuerlehre";"Haushaltsaufstellung, -verwaltung und -kontrolle";export;0991363;115749039
"Frey Bruno S.";"Democratic Economic Policy";0.85520.547.4;286;Druckerzeugnis;"05.12.2003 08:19";"A Theoretical Introduction";Haupt-Bibliothek;"AK 1107";Oxford;"Martin Robertson";1983;;YC;;;Wirtschaftswissenschaften;"Wirtschaftstheorie, einschliesslich Geldtheorie";;export;0991364;279927460
"Sommer Jürg H.";"Das Ringen um soziale Sicherheit in der Schweiz";3.7253.0067.4;749;Druckerzeugnis;"05.12.2003 08:19";"Eine politisch-ökonomische Analyse der Ursprünge, Eintwicklungen und Perspektiven sozialer Sicherung im Widerstreit zwischen Gruppeninteressen und volkswirtschaftlicher Tragbarkeit";Haupt-Bibliothek;"AF 159";Diessenhofen;"Verlag Rüegger";1978;;YX;;;Wirtschaftswissenschaften;"Sozialpolitik. Gesundheitswesen. Bildungsökonomie";;export;0991365;269326189
"Frossard Gabriel";"Bibliographie des schweizerischen Rechts 1998/1999";3-7190-1954-3;410;Druckerzeugnis;"05.12.2003 08:19";"Herausgegeben mit Unterstützung des Schweizerischen Juristenvereins- in Zusammenarbeit mit Marianne von Senger und Louis-Daniel Perret";Haupt-Bibliothek;"JB 143 1";"Basel / Genf / München";"Helbing & Lichtenhahn";2000;;JB;;;"Allgemeine Steuerrechtsliteratur";"Festschriften, Sammelwerke, Bibliographien";;export;0991384;352259388
OECD;"Country Profiles of Civil Service Training Systems";;244;Druckerzeugnis;"05.12.2003 08:19";;Haupt-Bibliothek;"EH 142";Paris;OECD;1997;;YQ;;;Wirtschaftswissenschaften;"Spezielle Betriebswirtschaftslehren";;export;0991393;42030049X
"Weinsheimer Willi";"Die Auslegung gegen den Wortlaut im Steuerrecht";;94;Druckerzeugnis;05.12.2003;;Haupt-Bibliothek;"JD 317";Düsseldorf;"Verlagsbuchhandlung des Instituts der Wirtschaftsprüfer GmbH";1958;;JD;;;"Allgemeine Steuerrechtsliteratur";"Grundsätze der Rechtsanwendung";;export;0991394;075995654
"Ehlermann Claus-Dieter";"Der Europäische Rechnungshof";3.7890.0220.8;67;Druckerzeugnis;10.09.2003;"Haushaltskontrolle in der Gemeinschaft";Haupt-Bibliothek;"FB 136";Baden-Baden;"Nomos Verlagsgesellschaft";1976;;YL5;YM;;Wirtschaftswissenschaften;"Finanzwissenschaft. Betriebswirtschaftliche Steuerlehre-	Internationaler Handel. Zahlungsbilanz und Wechselkurse";"Finanzwirtschaft supranationaler Behörden";export;0991395;282576401
"Rudolf Fritz Markus";"Die Schweizer Banken im Dienst der staatlichen Konjunkturpolitik";;172;Druckerzeugnis;"05.12.2003 08:19";"Dissertation der Handels-Hochschule St. Gallen, Nr. 123";Haupt-Bibliothek;"AG 108";Winterthur;"P. G. Keller";1958;;YN;;;Wirtschaftswissenschaften;"Konjunkturschwankungen, Stabilitätspolitik";;export;0991398;270165835
"du Toit Charl P.";"Beneficial Ownership of Royalties in Bilateral Tax Treaties";90-76078-30-0;280;Druckerzeugnis;"05.12.2003 08:19";;Haupt-Bibliothek;"LC 0184";Amsterdam;"IBFD Publications BV";1999;;LC;;;"Interkantonales/Internationales Steuerrecht";"Internationales Steuerrecht";;export;0991400;156002264
"Feurer P.";"Der Euromarkt-seine Risiken und seine Rückwirkungen auf die schweizerische Wirtschaft";;"S. 10 ff";Druckerzeugnis;06.09.2004;"Referat gehalten an der GV des Schweiz. Bankvereins, Bulletin Nr. 1, 1970";Separata;"AK Sep. 324";Basel;"Schweizerischer Bankverein";1970;;YM;;;Wirtschaftswissenschaften;"Internationaler Handel. Zahlungsbilanz und Wechselkurse";;reimport;0991406;515922684
"Wilk Stefan";"Die einkommensteuerrechtliche Behandlung von Auslandsverlusten";3-428-10040-9;282;Druckerzeugnis;05.12.2003;"Eine systematisch-methodische, verfassungs- und europarechtliche Untersuchung";Haupt-Bibliothek;"KB 163";Berlin;"Duncker & Humblot";2000;;KB;;;"Ausländisches Steuerrecht";Deutschland;;reimport;0991420;281395217
"Mahari Julian I.";"Codes of Conduct für Multinationale Unternehmen";;868;Druckerzeugnis;06.09.2004;"Dissertation der HSG, Nr. 942, 1985";Haupt-Bibliothek;"AK 0348";Zürich;"Schulthess Polygraphischer Verlag";1985;;YM;;;Wirtschaftswissenschaften;"Internationaler Handel. Zahlungsbilanz und Wechselkurse";;export;0991421;328866997
"Kofler Georg W.";"Die steuerliche Abschirmwirkung ausländischer Finanzierungsgesellschaften";3-7073-0394-2;522;Druckerzeugnis;"05.12.2003 08:19";"und ihre Durchbrechung aus österreichischer Sicht - Schriftenreihe zum Internationalen Steuerrecht, Bd. 23";Haupt-Bibliothek;"LC 6142";Wien;"Linde Verlag";2002;;LC;;;"Interkantonales/Internationales Steuerrecht";"Internationales Steuerrecht";;export;0991424;324111150
"Ebner Fritz";"Die gesamtwirtschaftliche Förderung von Berggebieten";;10;Druckerzeugnis;"05.12.2003 08:19";;Separata;"AG Sep. 67";Zürich;"Gesellschaft zur Förderung der schweiz. Wirtschaft";1973;;YN;;;Wirtschaftswissenschaften;"Konjunkturschwankungen, Stabilitätspolitik";;export;0991427;17153588X
"Stapelfeldt Gerhard";"Das Problem des Anfangs in der Kritik der Politischen Ökonomie";3.593.32471.7;351;Druckerzeugnis;"05.12.2003 08:19";;Haupt-Bibliothek;"AK 1075";Frankfurt;"Campus Verlag";1979;;YC;;;Wirtschaftswissenschaften;"Wirtschaftstheorie, einschliesslich Geldtheorie";;export;0991436;267780486
EG-Kommission;"Bericht der Kommission an den Rat über die Aussichten für eine Angleichung der Steuersysteme in der Gemeinschaft";"92 825 1941 4";82;Druckerzeugnis;"05.12.2003 08:19";"verabschiedet am 26. März 1980";Haupt-Bibliothek;"KA 127";Luxembourg;"Amt für amtliche Veröffentlichungen der Europäischen Gemeinschaften";1980;;KA;;;"Ausländisches Steuerrecht";"Staatenverbände, Staatengruppen";;reimport;0991438;51593061X
"Schönle Herbert";"Die Deliktshaftung des Verkäufers wegen 'Mängel der Kaufsache'";-;S.379-406;Druckerzeugnis;"05.12.2003 08:19";"In: Dufour, Alfred, u.a. , (Hrsg.): Mélanges en l'honneur du Professeur Bruno Schmidlin";Haupt-Bibliothek;-;-;-;-;;WC;;;"Uebrige Literatur";Privatrecht;;export;0991442;480682364
"Bürgisser-Peters Petra";"Staatliche Altersvorsorge: Solidarität in jeder Hinsicht?";3.7190.1040.6;207-234;Druckerzeugnis;"05.12.2003 08:19";"In: Frey René/Leu Robert (Hrsg.): Der Sozialstaat unter der Lupe";Haupt-Bibliothek;-;Basel/Frankfurt;"Helbing & Lichtenhahn";1988;;YX;;;Wirtschaftswissenschaften;"Sozialpolitik. Gesundheitswesen. Bildungsökonomie";;export;0991443;350144494
"Eppler Rudolf";"Das Problem der Steuerinzidenz bei den Gewinnsteuern";;145;Druckerzeugnis;10.09.2003;;Haupt-Bibliothek;"CA 112";Freiburg;"Universitätsverlag Freiburg";1965;;YL7;YL8;YL9;Wirtschaftswissenschaften;"Finanzwissenschaft. Betriebswirtschaftliche Steuerlehre";"Finanzpolitik. Fiscal Policy. Finanzwirtschaft und Finanzpolitik einzelner Länder-	Allgemeine Steuerlehre, Steuersystem einzelner Länder-	Betriebswirtschaftliche Steuerlehre";export;0991446;267778430
"Künne Thomas";"Die effektive Steuerbelastung von Investitionen auf dem europäischen Binnenmarkt";3-89161-717-8;318;Druckerzeugnis;"05.12.2003 08:19";"Rechtsvergleich und Methodik einer Steuerwirkungsanalyse, dargestellt am Beispiel der Mitgliedstaaten Deutschland, Frankreich, Grossbritannien und den Niederlanden Schriften zum Steuer-, Rechnungs- und Prüfungswesen, Bd. 17";Haupt-Bibliothek;"TD 212";Hamburg;"S + W Steuer- und Wirtschaftsverlag";1997;;TD;;;"Finanz- und Steuerpolitik (Finanzreform)";Ausland;;reimport;0991448;515922129
"Pichot Alain";"Comptabilité Nationale et Planification";;271;Druckerzeugnis;"05.12.2003 08:19";;Haupt-Bibliothek;"AE 132";Paris;Cujas;1968;;YJ;;;Wirtschaftswissenschaften;"Volkswirtschaftliches Rechnungswesen. Sonstiges, einzelnen Gruppen nicht zuweisbares statistisches Material";;export;0991454;427480981
OCDE;"Aspects théoriques et empiriques de l'imposition des sociétés";;82;Druckerzeugnis;10.09.2003;;Haupt-Bibliothek;"CA 179";Paris;OCDE;1974;;YL7;YL8;YL9;Wirtschaftswissenschaften;"Finanzwissenschaft. Betriebswirtschaftliche Steuerlehre";"Finanzpolitik. Fiscal Policy. Finanzwirtschaft und Finanzpolitik einzelner Länder-	Allgemeine Steuerlehre, Steuersystem einzelner Länder-	Betriebswirtschaftliche Steuerlehre";export;0991455;265182484
"OBT Treuhand";"20 Steuer-Stolpersteine";;59;Druckerzeugnis;"05.12.2003 08:19";;Haupt-Bibliothek;"JE 104";St.Gallen;"OBT Treuhand AG";1987;;JE;;;"Allgemeine Steuerrechtsliteratur";Varia;;export;0991456;071914269
"Erdmann J./Hetzler H. W./Klages H.";"Aktuelle Probleme der planenden Verwaltung";3-455-01856-1;113;Druckerzeugnis;"05.12.2003 08:19";"Zur Analyse und Planung gesellschaftlicher Verändrungen";Haupt-Bibliothek;"EA 179";Meisenheim;"Anton Hain";1978;;YQ;;;Wirtschaftswissenschaften;"Spezielle Betriebswirtschaftslehren";;export;0991466;127792031
"Winkler Ernst-Günter";"Aufgaben und Grenzen der gemeindlichen Kreditnahme";;113;Druckerzeugnis;"05.12.2003 08:19";"Ein Beitrag zur Frage der grundsätzlichen Unterschiede zwischen staatlicher und gemeindlicher Verschuldung";Haupt-Bibliothek;"DB 102";Berlin-München;Duncker&Humblot;1961;;YL2;YL7;;Wirtschaftswissenschaften;"Finanzwissenschaft. Betriebswirtschaftliche Steuerlehre";"Haushaltsaufstellung, -verwaltung und -kontrolle-	Finanzpolitik. Fiscal Policy. Finanzwirtschaft und Finanzpolitik einzelner Länder";reimport;0991470;267027400
"Steeb Günther";"Die Folgekosten kommunaler Siedlungen und ihre Finanzierung";;187;Druckerzeugnis;"05.12.2003 08:19";;Haupt-Bibliothek;"AJ 207";Stuttgart/Köln;"W. Kohlhammer";1965;;YY;;;Wirtschaftswissenschaften;"Regionale Wirtschaftspolitik. Stadtplanung";;reimport;0991473;515923141
"Dällenbach Jean-François/Fiala Eduard/Hagemann Susanne";"Die Dienstleistungsfunktion der Hochschulen: Eine Entdeckungsreise";"Form 320.301d 1.87 A36093";325;Druckerzeugnis;01.12.2004;;Haupt-Bibliothek;"EF 174";Bern;EDMZ;1986;;YQ;;;Wirtschaftswissenschaften;"Spezielle Betriebswirtschaftslehren";;export;0991476;20698202X
"Maass Jürgen";"Die Flexibilität der Staatsausgaben";3-531-02305-5;256;Druckerzeugnis;"05.12.2003 08:19";"Ein Beitrag zur Theorie der öffentlichen Ausgabenpolitik - Forschungsberichte des Landes Nordrhein-Westfalen Nr. 2305";Haupt-Bibliothek;"BF 112 2";Opladen;"Westdeutscher Verlag";1973;;BF;YL2;;;"Finanzwissenschaft. Betriebswirtschaftliche Steuerlehre";"Haushaltsaufstellung, -verwaltung und -kontrolle";export;0991195;28329518X
"Studer Hans/Ernst Mario";"Das Konzept des Budgetgleichgewichts bei Vollbeschäftigung";;47;Druckerzeugnis;06.12.2004;"Zur stabilisierungspolitischen Konzentration der Expertengruppe 'Wirtschaftslage'";Separata;"AG Sep. 75";"St. Gallen";Kantonalbank;1980;;YN;;;Wirtschaftswissenschaften;"Konjunkturschwankungen, Stabilitätspolitik";;export;0991482;261870548
"Aschinger Franz";"Die Problematik flexibler Wechselkurse. Die Spielarten der Inflation";;"S. 17 ff S. 19 ff";Druckerzeugnis;30.10.2003;;Separata;"AK Sep. 319";Basel;"Schweizerischer Bankverein";1969;;YM;;;Wirtschaftswissenschaften;"Internationaler Handel. Zahlungsbilanz und Wechselkurse";;export;0991487;083016368
"Gassner Wolfgang/Lang Michael/Lechner Eduard";"Aktuelle Entwicklungen im Internationalen Steuerrecht";3-85122-421-3;280;Druckerzeugnis;"05.12.2003 08:19";"Das neue Musterabkommen der OECD";"HB Steuerrecht";"LC 0228 2";Wien;"Linde Verlag";1994;;LC;;;"Interkantonales/Internationales Steuerrecht";"Internationales Steuerrecht";;reimport;0991491;280294689
"Bourgeois Jacques H.J./Johannes Hartmut.";"Blitz und Donner aus Brüssel";"3 7255 3887 5";"S. 227-240";Druckerzeugnis;"05.12.2003 08:19";"In: Baldi, Marino, Baumann, Max & u.a., (Hrsg.): Der Einfluss des europäischen Rechts auf die Schweiz, Festschrift für Professor Roger Zäch zum 60. Geburtstag";Haupt-Bibliothek;-;Zürich;"Schulthess Polygraphischer Verlag";-;;JB;;;"Allgemeine Steuerrechtsliteratur";"Festschriften, Sammelwerke, Bibliographien";;reimport;0991501;514786825
"Conférence des Autorités cantonales de surveillance des finances communales";"50 Ans 1945-1995 Plaquette du Jubilé";;74;Druckerzeugnis;10.09.2003;"50 ans de la Conférence des Autorités cantonales de surveillance des finances communales";Separata;"EC Sep. 00";;;1995;;YL3;YQ;;Wirtschaftswissenschaften;"Finanzwissenschaft. Betriebswirtschaftliche Steuerlehre-	Spezielle Betriebswirtschaftslehren";"Finanzwirtschaft untergeordneter Gebietskörperschaften";export;0991502;43370750X
"Muheim Ruedi";"Die Bereitstellung von Naherholungsräumen und ihre Entschädigung";;221;Druckerzeugnis;"05.12.2003 08:19";"Dissertation der HSG, Nr. 620";Haupt-Bibliothek;"AJ 260";Luzern;"Unionsdruckerei Luzern";1976;;YY;;;Wirtschaftswissenschaften;"Regionale Wirtschaftspolitik. Stadtplanung";;export;0991508;275110516
"Seer Roman/Gabert Isabel";"Mutual Assistance and Information Exchange";978-90-816475-2-6;600;Druckerzeugnis;"14.03.2011 14:18";"2009 EATLP Congress, Santiago de Compostela, 4-6 June 2009- EATLP International Tax Series, Vol. 8- Series editor: Kees van Raad";Haupt-Bibliothek;"LC 0256";Amsterdam;IBFD;2010;;LC;;;"Interkantonales/Internationales Steuerrecht";"Internationales Steuerrecht";;export;0991516;555289737
"Ingold Walter";"75 Jahre PTT-Union";;128;Druckerzeugnis;"05.12.2003 08:19";;Haupt-Bibliothek;"EF 126";Bern;PTT-Union;1966;;YQ;;;Wirtschaftswissenschaften;"Spezielle Betriebswirtschaftslehren";;export;0991518;11659375X
"Villiger Kaspar";Föderalismusreform;-;"S. 34-39";Druckerzeugnis;"05.12.2003 08:19";"In: Villiger-Kaspar- Gygi-Ulrich- u.a.: Der neue Schweizer Finanzausgleich";Haupt-Bibliothek;-;-;-;-;;YL4;;;Wirtschaftswissenschaften;"Finanzwissenschaft. Betriebswirtschaftliche Steuerlehre";Finanzausgleich;export;0991519;283350628
"Kim Kurt/Zimmerlin Erich";"Das neue aargauische Baugesetz";;56;Druckerzeugnis;20.04.2004;"Zwei Vorträge, gehalten am 14. Juni 1965 in Aarau anlässlich der Generalversammlung des Aargauischen Handels- und Industrievereins";Separata;"AJ Sep. 04";Aarau;"Veröffentlichungen der Aargauischen Handelskammer Aarau";1965;;YY;;;Wirtschaftswissenschaften;"Regionale Wirtschaftspolitik. Stadtplanung";;export;0991521;293989524
"Bailey F. G.";"Debate and Compromise";0.631.14710.1;328;Druckerzeugnis;"05.12.2003 08:19";;Haupt-Bibliothek;"AJ 227";Oxford;"Basil Blackwell";1973;;YY;;;Wirtschaftswissenschaften;"Regionale Wirtschaftspolitik. Stadtplanung";;export;0991526;279833628
"Statistisches Bureau des Kantons Bern";"Die Gemeindeausgaben 1966 in der Agglomeration Bern";;35;Druckerzeugnis;"05.12.2003 08:19";;Haupt-Bibliothek;"AJ 159";Bern;"Kommissionsverlag Stauffacher";1968;;YY;;;Wirtschaftswissenschaften;"Regionale Wirtschaftspolitik. Stadtplanung";;export;0991528;284196320
"Expertenkommission Steuerlücken";"Bericht der Expertenkommission zur Prüfung des Systems der direkten Steuern auf Lücken (Expertenkommission Steuerlücken)";-;"167 + Anhang";Druckerzeugnis;"05.12.2003 08:19";"erstattet dem Eidgenössischen Finanzdepartement";Haupt-Bibliothek;"PA 106 1";Bern;EDMZ;1998;;PA;;;"Einkommen- und Vermögensteuern, Ertrag- und Kapitalsteuern";Allgemeines;;export;0991533;121295397
"Braun Günther E./Bozem Karlheinz";"Controlling im kommunalen Bereich";3-87959-366-3;304;Druckerzeugnis;"05.12.2003 08:19";"Moderne Managementkonzepte zwischen öffentlichem Auftrag und Wirtschaftlichkeit";Haupt-Bibliothek;"VE 134";München;"Bonn aktuell";1990;;YL2;;;Wirtschaftswissenschaften;"Finanzwissenschaft. Betriebswirtschaftliche Steuerlehre";"Haushaltsaufstellung, -verwaltung und -kontrolle";export;0991537;135564727
"Campbell John Creighton";"Contemporary Japanese Budget Politics";0-520-02573-3;288;Druckerzeugnis;"05.12.2003 08:19";"Studies of the East Asian Institute";Haupt-Bibliothek;"VB 158";London;"University of California Press";1977;;YL2;;;Wirtschaftswissenschaften;"Finanzwissenschaft. Betriebswirtschaftliche Steuerlehre";"Haushaltsaufstellung, -verwaltung und -kontrolle";export;0991538;339981903
"Eskridge William N.";"A Dance along the Precipice";0.669.10899.5;272;Druckerzeugnis;"05.12.2003 08:19";"The Political and Economic Dimensions of the International Debt Problem";Haupt-Bibliothek;"AK 0278";Lexington;"Lexington Books";1985;;YK;;;Wirtschaftswissenschaften;"Geld, Kredit- und Bankwesen. Bankbetriebslehre";;export;0991539;186794843
"Strasser Daniel";"Die Finanzen Europas";92.825.2746.8;415;Druckerzeugnis;10.09.2003;;Haupt-Bibliothek;"FB 132";Brüssel;EG;1982;;YL5;YM;;Wirtschaftswissenschaften;"Finanzwissenschaft. Betriebswirtschaftliche Steuerlehre-	Internationaler Handel. Zahlungsbilanz und Wechselkurse";"Finanzwirtschaft supranationaler Behörden";export;0991541;023085495
"Gandenberger Otto";"Das Finanzmonopol";;219;Druckerzeugnis;10.09.2003;"Fiskalische und ausserfiskalische Wirkungen im Vergleich zur Verbrauchsteuer";Haupt-Bibliothek;"CC 101";Heidelberg;"Quelle & Meyer";1968;;YL7;YL8;;Wirtschaftswissenschaften;"Finanzwissenschaft. Betriebswirtschaftliche Steuerlehre";"Finanzpolitik. Fiscal Policy. Finanzwirtschaft und Finanzpolitik einzelner Länder-	Allgemeine Steuerlehre, Steuersystem einzelner Länder";export;0991542;187018863
"Heilmann Martin";"Adolph Wagner - Ein deutscher Nationalökonom im Urteil der Zeit";3.593.32765.1;139;Druckerzeugnis;"05.12.2003 08:19";"Probleme seiner biographischen und theoriegeschichtlichen Würdigung im Lichte neuer Quellen";Haupt-Bibliothek;"AK 1076";Frankfurt;"campus Verlag";1980;;YC;;;Wirtschaftswissenschaften;"Wirtschaftstheorie, einschliesslich Geldtheorie";;export;0991543;278153895
"Lenk Klaus/Brüggermeier Martin/Hehmann Margret/Willms Werner";Bürgerinformationssysteme;3-531-12174-X;167;Druckerzeugnis;01.12.2004;"Reihe: Sozialverträgliche Technikgestaltung";Haupt-Bibliothek;"EA 234";Opladen;"Westdeutscher Verlag";1990;;YQ;;;Wirtschaftswissenschaften;"Spezielle Betriebswirtschaftslehren";;export;0991544;124630596
"Scherrer Bruno";"Die nachträgliche Besteuerung ursprünglich steuerneutraler Buchwertumwandlungen";"3 7272 9220 2";419-431;Druckerzeugnis;"05.12.2003 08:19";"In: Reich, M. & Zweifel, M., (Hrsg.): Das schweizerische Steuerrecht - Eine Standortbestimmung Festschrift zum 70. Geburtstag von Prof. Dr. Ferdinand Zuppinger";Haupt-Bibliothek;-;Bern;"Stämpfli & Cie AG";-;;MF;PK;;"Verfahrensrecht und Steuerstrafrecht";"Steuerbezug-	Besteuerung juristischer Personen, Kapitalgesellschaften";;export;0991552;357412672
"Kroker Rolf";"Der Verwaltungsvergleich als Instrument zur Effizienzsteigerung der öffentlichen Verwaltung";3-88485-401-1;167;Druckerzeugnis;31.08.2004;"Reihe: Volkswirtschaftliche Schriften, Bd. 6";Haupt-Bibliothek;"EG 125";Düsseldorf;"Mannhold Peter";1981;;YQ;;;Wirtschaftswissenschaften;"Spezielle Betriebswirtschaftslehren";;export;0991553;187548064
"Kapl Helmut";"Die internationale Pension mit Steuersystemen";"3 901 1260 02 1";262;Druckerzeugnis;05.12.2003;;Haupt-Bibliothek;"KA 348";Wien;"Carl Ueberreuter";1992;;KA;;;"Ausländisches Steuerrecht";"Staatenverbände, Staatengruppen";;reimport;0991555;323952496
"Deininger Werner";"Die Subventionen als Instrument der Wirtschaftspolitik";;522;Druckerzeugnis;"05.12.2003 08:19";"Ihre Stellung in den Wachstumszyklen und Wahlperioden der Bundesrepublik Deutschland 1951 - 1972. Inaugural-Dissertation der Universität Augsburg";Haupt-Bibliothek;"BC 223";Augsburg;Offset;1975;;YL7;;;Wirtschaftswissenschaften;"Finanzwissenschaft. Betriebswirtschaftliche Steuerlehre";"Finanzpolitik. Fiscal Policy. Finanzwirtschaft und Finanzpolitik einzelner Länder";export;0991559;27196684X
"Kuntze Christian";"Die Kompetenzen der Europäischen Gemeinschaft auf dem Gebiet des Steuerrechts";3-631-33453-2;293;Druckerzeugnis;"05.12.2003 08:19";"Europ. Hochschulschriften, Bd. 2571";Haupt-Bibliothek;"KA 185";"Frankfurt am Main (Berlin, Bern, New York, Paris, Wien)";"Peter Lang GmbH / Europäischer Verlag der Wissenschaften";1999;;KA;;;"Ausländisches Steuerrecht";"Staatenverbände, Staatengruppen";;reimport;0991560;261793799
"Diserens Marc/Martin Brigitte";"Aspect de la dépendance économique intercantonale";;242;Druckerzeugnis;01.12.2004;"Position de l'économie vaudoise";Haupt-Bibliothek;"AJ 303";Lausanne;SCRIS;1982;;YY;;;Wirtschaftswissenschaften;"Regionale Wirtschaftspolitik. Stadtplanung";;reimport;0991564;265057930
"Blattner Niklaus";"Corporate Finance and Income Distribution in a Growing Economy";;223-238;Druckerzeugnis;10.12.2004;"Sonderdruck aus: Zeitschrift für Wirtschafts- und Sozialwissenschaften, Heft 3, 1976";Haupt-Bibliothek;"AH 152";;;1976;;YV;;;Wirtschaftswissenschaften;"Arbeitnehmerfragen (Labor Economics)";;export;0991565;223456764
"Ruoss Engelbert";"Wirkungsorientierte Verwaltung in öffentlichen Museen";1422-2418;67;Druckerzeugnis;08.01.2005;"Hit oder Flop?";Haupt-Bibliothek;"EG 222";Luzern;ICOM-Schweiz;1997;;YQ;;;Wirtschaftswissenschaften;"Spezielle Betriebswirtschaftslehren";;export;0991567;142123110
"Gassner Wolfgang/Lang Michael/Wiesner Werner";"Besteuerung von Unternehmensgruppen";3-85122-763-8;306;Druckerzeugnis;"05.12.2003 08:19";"Bestandsaufnahme und Vorschläge zur Reform der Organschaft im Körperschaftsteuerrecht";Haupt-Bibliothek;"KD 112";Wien;"Linde Verlag Ges. m. b. H.";1998;;KD;;;"Ausländisches Steuerrecht";Oesterreich;;export;0991575;09708509X
"Khalilzadeh-Shirazi Javad/Shah Anwar";"Tax Policy in Developing Countries";0-8213-1990-6;252;Druckerzeugnis;"03.03.2004 11:55";"A World Bank Symposium";Haupt-Bibliothek;"KO 109";"Washington, D.C.";"The World Bank";1991;;KO;;;"Ausländisches Steuerrecht";"Uebrige Staaten";;reimport;0991576;51592895X
"Borner Silvio";"Die steuerliche Attraktivität Basels";;28;Druckerzeugnis;05.12.2003;"Eine Analyse der Auswirkungen der Steuerrevision BS auf das Belastungsgefälle BS/BL";Haupt-Bibliothek;"AJ 379";Basel;WWZ;1989;;YY;;;Wirtschaftswissenschaften;"Regionale Wirtschaftspolitik. Stadtplanung";;reimport;0991592;296680672
"Letsch Hans";"Budgetierung und Planung im öffentlichen Haushalt";;;Druckerzeugnis;20.04.2004;"Separatdruck aus Schweizerisches Zentralblatt für Staats- und Gemeindeverwaltung";Separata;"VC Sep. 01";Zürich;"Institut Orell Fussli AG";1960;;YL2;;;Wirtschaftswissenschaften;"Finanzwissenschaft. Betriebswirtschaftliche Steuerlehre";"Haushaltsaufstellung, -verwaltung und -kontrolle";reimport;0991593;51593111X
"Buser W.";"Die Rolle der Verwaltung und der Interessengruppen im Entscheidungsprozess in der Schweiz";;20;Druckerzeugnis;10.09.2003;;Separata;"EE Sep. 02";;"Verband der Beamten und Angestellten der eidgenössischen Zentralverwaltung";1969;;YL7;YQ;;Wirtschaftswissenschaften;"Finanzwissenschaft. Betriebswirtschaftliche Steuerlehre-	Spezielle Betriebswirtschaftslehren";"Finanzpolitik. Fiscal Policy. Finanzwirtschaft und Finanzpolitik einzelner Länder";export;0991598;12494342X
"Shubik Martin";"Game-Theory in the Social Sciences - Vol. 2";0.262.19219.5;722;Druckerzeugnis;"05.12.2003 08:19";"A Game-Theoretic Approach to Political Economy";Haupt-Bibliothek;"AK 1141 2";Cambridge;"The MIT Press";1984;;YC;;;Wirtschaftswissenschaften;"Wirtschaftstheorie, einschliesslich Geldtheorie";;export;0992556;283994479;"Vol. 2";"A Game-Theoretic Approach to Political Economy"
"Walker Beat";"Die Direkte Bundessteuer";"3 7155 9003 3";272;Druckerzeugnis;06.02.2004;;"HB Steuerrecht";"JA 138 I";Zürich;"AKAD Verlag";1997;;JA;;;"Allgemeine Steuerrechtsliteratur";"Allgemeines, Lehrbücher";;export;0991602;300905181
"David Martin";"Alternative Approaches to Capital Gains Taxation";;280;Druckerzeugnis;10.09.2003;;Haupt-Bibliothek;"CA 164";Washington;"The Brookings Institution";1968;;YL7;YL8;YL9;Wirtschaftswissenschaften;"Finanzwissenschaft. Betriebswirtschaftliche Steuerlehre";"Finanzpolitik. Fiscal Policy. Finanzwirtschaft und Finanzpolitik einzelner Länder-	Allgemeine Steuerlehre, Steuersystem einzelner Länder-	Betriebswirtschaftliche Steuerlehre";export;0991603;080783635
"Zahn Joachim";"Business in this decade";;24;Druckerzeugnis;"05.12.2003 08:19";"Challenges and opportunities";Separata;"AG Sep. 35";;;1970;;YN;;;Wirtschaftswissenschaften;"Konjunkturschwankungen, Stabilitätspolitik";;export;0991608;191606383
EG-Kommission;"Die Schweiz und die Gemeinschaft";92.825.1420.X;38;Druckerzeugnis;"05.12.2003 08:19";;Haupt-Bibliothek;"AK 0343";Brüssel;EWG;1980;;YM;;;Wirtschaftswissenschaften;"Internationaler Handel. Zahlungsbilanz und Wechselkurse";;reimport;0991610;296106720
"Probst Rudolf G.";"Commentaire de la loi fédérale sur l'impôt fédéral direct - Personnes morales";-;401;Druckerzeugnis;"05.12.2003 08:19";"Art. 49-82, 206, 207, 222";Haupt-Bibliothek;"JC 106 2";Lausanne;"Editions de l'OREF";1995;;JC;;;"Allgemeine Steuerrechtsliteratur";"Schweizerische Kommentare und Handbücher";;export;0991617;534094805
"Retzlaff Günter";"Der Verwaltungssekretär";3-452-18667-9;94;Druckerzeugnis;"05.12.2003 08:19";"Schriftenreihe zur Ausbildung der Beamten des mittleren Dienstes an Studieninstituten und Verwaltungsschulen";Haupt-Bibliothek;"EA 171";Köln;"Carl Heymanns Verlag KG";1979;;YQ;;;Wirtschaftswissenschaften;"Spezielle Betriebswirtschaftslehren";;export;0991625;257588639
"Holoubek Michael/Lang Michael";"Das verwaltungsgerichtliche Verfahren in Steuersachen";3-85122-868-5;480;Druckerzeugnis;"05.12.2003 08:19";;Haupt-Bibliothek;"WB 317";Wien;"Linde Verlag";1999;;WB;;;"Uebrige Literatur";"Oeffentliches Recht";;reimport;0991626;274392836
"Higy Camille";"Konjunkturbedingte Steuerpolitik in der Schweiz?";-;"91 - 105";Druckerzeugnis;"03.03.2004 12:14";"in: Probleme der öffentlichen Finanzen und der Währung, Festgabe für Eugen Grossmann, S. 91 ff.";Haupt-Bibliothek;-;Zürich;"Polygr. Verlag";1949;;YL1;;;Wirtschaftswissenschaften;"Finanzwissenschaft. Betriebswirtschaftliche Steuerlehre";Allgemeines;export;0991628;083350659
"Gloth Hans";"Die Entwicklung des Kommunalkredits";;210;Druckerzeugnis;"05.12.2003 08:19";"Eine Untersuchung der Beziehungen zum Steueraufkommen";Haupt-Bibliothek;"DB 104";Berlin;Buncker&Humblot;1967;;YL2;YL7;;Wirtschaftswissenschaften;"Finanzwissenschaft. Betriebswirtschaftliche Steuerlehre";"Haushaltsaufstellung, -verwaltung und -kontrolle-	Finanzpolitik. Fiscal Policy. Finanzwirtschaft und Finanzpolitik einzelner Länder";export;0991629;281888728
"Huffschmid Jörg";"Die Politik des Kapitals - Konzentration und Wirtschaftspolitik in der Bundesrepublik";;184;Druckerzeugnis;20.04.2004;;Haupt-Bibliothek;"AK 0149";"Frankfurt a.M.";"Suhrkamp Verlag";1971;;YC;;;Wirtschaftswissenschaften;"Wirtschaftstheorie, einschliesslich Geldtheorie";;export;0991635;124788912
"Mennel Annemarie";"Die Steuersysteme in EWG-Staaten-EFTA-Staaten und den USA";"3 482 60132 1";248;Druckerzeugnis;"05.12.2003 08:19";"2. A.";Haupt-Bibliothek;"KA 302 2";Herne/Berlin;"Neue Wirtschafts-Briefe";1974;;KA;;;"Ausländisches Steuerrecht";"Staatenverbände, Staatengruppen";;reimport;0991638;271561025
"Becher Tony";"Academic Tribes and Territories";0-335-09221-7;195;Druckerzeugnis;"05.12.2003 08:19";"Intellectual enquiry and the Cultures of Disciplines";Haupt-Bibliothek;"EJ 139";Buckingham;"Open Univeristy Press";1989;;YQ;;;Wirtschaftswissenschaften;"Spezielle Betriebswirtschaftslehren";;export;0991639;095306455
"Vereinigung für Finanzpolitik";"Steuern in der Schweiz:  Analyse und Reformvorschläge";-;97;Druckerzeugnis;"03.03.2004 12:00";"Gutachten im Auftrag der VFP (Vereinigung für Finanzpolitik)";Haupt-Bibliothek;"TA 196";Zürich;VFP;1987;;TA;;;"Finanz- und Steuerpolitik (Finanzreform)";Bund;;export;0991644;552654817
"Newbery David/Stern Nicholas";"The Theory of Taxation for Developing Countries";0-19-520541-3;694;Druckerzeugnis;"03.03.2004 11:56";"A World Bank Research Publication";Haupt-Bibliothek;"KO 108";Washington;"World Bank";1987;;KO;;;"Ausländisches Steuerrecht";"Uebrige Staaten";;export;0991645;297133489
"Greter Marco";"Die Buchprüfung im Steuerverfahren";"3 7272 9220 2";331-351;Druckerzeugnis;"05.12.2003 08:19";"In: Reich, M. & Zweifel, M., (Hrsg.): Das schweizerische Steuerrecht - Eine Standortbestimmung Festschrift zum 70. Geburtstag von Prof. Dr. Ferdinand Zuppinger";Haupt-Bibliothek;-;Bern;"Stämpfli & Cie AG";-;;MA;;;"Verfahrensrecht und Steuerstrafrecht";"Allgemeines Verfahrensrecht";;export;0991647;277792975
"Kudert Stephan/Sorg Peter";"IFRS - leicht gemacht";978-3-87440-279-8;198;Druckerzeugnis;"28.09.2010 17:16";"Eine Einführung in die International Financial Reporting Standards";Haupt-Bibliothek;;München;"E.v.Kleist Verlag";2010;"bestellt (Waldburger)";;;;;;;export;0991652;259859354
"Schnyder Wilhelm";"Allianz der Bergkantone mit den Zentren";-;"S. 72-75";Druckerzeugnis;"05.12.2003 08:19";"In: Villiger-Kaspar- Gygi-Ulrich- u.a.: Der neue Schweizer Finanzausgleich";Haupt-Bibliothek;-;-;-;-;;YL4;;;Wirtschaftswissenschaften;"Finanzwissenschaft. Betriebswirtschaftliche Steuerlehre";Finanzausgleich;export;0991656;282009752
"Halbherr Philipp/Müdespacher Alfred";"Agrarpolitik - Interessenpolitik?";3.258.03457.5;99;Druckerzeugnis;"05.12.2003 08:19";"Eine Untersuchung der Zusammenhänge zwischen Politik und wirtschaftlichen Interessen in der schweizerischen Agrarpolitik";Haupt-Bibliothek;"AJ 322";Bern;"Paul Haupt";1985;;YY;;;Wirtschaftswissenschaften;"Regionale Wirtschaftspolitik. Stadtplanung";;export;0991657;279654502
"Düttmann Renate";"Die Finanzierung der gesetzlichen Krankenversicherung";3.7890.0315.8;142;Druckerzeugnis;"05.12.2003 08:19";"Kritische Analyse und Verbesserungsvorschläge";Haupt-Bibliothek;"AF 155";Baden-Baden;"Nomos Verlagsgesellschaft";1978;;YX;;;Wirtschaftswissenschaften;"Sozialpolitik. Gesundheitswesen. Bildungsökonomie";;export;0991662;283219300
"Salzberger Wolfgang";"Die steuerliche Gewinnermittlung einer Konzernunternehmung in der Europäischen Union";3-504-64102-9;314;Druckerzeugnis;"05.12.2003 08:19";"Eine betriebswirtschaftliche Analyse - Steuerfragen der Wirtschaft, Bd. 1";Haupt-Bibliothek;"LC 6153";Köln;"Verlag Dr. Otto Schmidt KG";1994;;LC;;;"Interkantonales/Internationales Steuerrecht";"Internationales Steuerrecht";;export;0991666;324111185
"Clement Werner";"Bildungsökonomik als Entscheidungshilfe für die Wachstumspolitik";;19;Druckerzeugnis;20.04.2004;;Separata;"AG Sep. 03";Berlin;"Duncker & Humblot";1968;;YN;;;Wirtschaftswissenschaften;"Konjunkturschwankungen, Stabilitätspolitik";;export;0991668;223669113
"Schweiz. Bundeskanzlei";"Amtliche Sammlung des Bundesrechts (AS) 1967";;;Druckerzeugnis;"05.12.2003 08:19";"Ab 1.9.1998 (Heft 34) auch: www.admin.ch/ch/d/as/index.html";Haupt-Bibliothek;"HA 103";Bern;EDMZ;1975;;HA;;;"Schweizerische Steuer-Gesetzgebung und -Judikatur";"Steuergesetzgebung (Bund, einzelne Kantone)";;export;0991670;122749200
Bundeskanzleramt;"Die öffentliche Verwaltung in Österreich";;15;Druckerzeugnis;"05.12.2003 08:19";;Separata;"VE Sep. 14";Wien;"Österreichische Staatsdruckerei";1992;;YL2;;;Wirtschaftswissenschaften;"Finanzwissenschaft. Betriebswirtschaftliche Steuerlehre";"Haushaltsaufstellung, -verwaltung und -kontrolle";export;0991671;187717761
"Interkantonale Kommission für Steueraufklärung";"Das schweizerische Steuersystem";-;68;Druckerzeugnis;"05.12.2003 08:19";"Grundzüge des schweizerischen Steuersystems / Die Steuern des Bundes / Die Steuern der Kantone und Gemeinden / Steuerbelastungsvergleiche 9. A.";Haupt-Bibliothek;"JA 130 09";Bern;"Interkant. Komm. f. Steueraufklärung";1998;;JA;;;"Allgemeine Steuerrechtsliteratur";"Allgemeines, Lehrbücher";;export;0991679;220706522
"Thomae Dieter";"Die Problematik der Harmonisierung der Versicherungsteuer in der Europäischen Gemeinschaft";;235;Druckerzeugnis;"05.12.2003 08:19";"Inauguraldissertation der Uni Köln";Haupt-Bibliothek;"KA 122";Köln;"R.J. Hundt";1975;;KA;;;"Ausländisches Steuerrecht";"Staatenverbände, Staatengruppen";;export;0991680;267791232
"Letsch Hans";"Grundsatzfragen einer föderalistischen Steuerordnung";;;Druckerzeugnis;"03.03.2004 12:19";"in: Der wirtschaftende Staat. Theorie und Praxis- Festschrift zum 70. Geburtstag von Prof. Dr. Theo Keller";Haupt-Bibliothek;-;Bern;"Paul Haupt";1971;;YB;;;Wirtschaftswissenschaften;"Allgemeines. Methoden der W. Unterrichts- und Ausbildungsmethoden in den W., Wirtschaftspädagogik";;export;0991682;337430160
"Kloten Norbert";"Die Region Amberg";;171;Druckerzeugnis;"05.12.2003 08:19";"Tendenzen und Möglichkeiten ihrer wirtschaftlichen Entwicklung";Haupt-Bibliothek;"AJ 124";Luxemburg;"Europäische Verleger-Vereinigung für Recht und Wirtschaft";1966;;YY;;;Wirtschaftswissenschaften;"Regionale Wirtschaftspolitik. Stadtplanung";;export;0991683;090678419
"Zweifel Martin";"Die Bestrafung von Ehegatten wegen Steuerhinterziehung";"3 7272 9220 2";515-544;Druckerzeugnis;"05.12.2003 08:19";"In: Reich, M. & Zweifel, M., (Hrsg.): Das schweizerische Steuerrecht - Eine Standortbestimmung Festschrift zum 70. Geburtstag von Prof. Dr. Ferdinand Zuppinger";Haupt-Bibliothek;-;Bern;"Stämpfli & Cie AG";-;;MJ;;;"Verfahrensrecht und Steuerstrafrecht";Steuerhinterziehung;;export;0991687;276734793
"von der Crone Hans Caspar/Frauenfelder Jrena";"Die Angebotspflicht im Entwurf zur 13. Richtlinie und in ausgewählten Europäischen Staaten";"3 7255 3887 5";"S. 489-510";Druckerzeugnis;"05.12.2003 08:19";"In: Baldi, Marino, Baumann, Max & u.a., (Hrsg.): Der Einfluss des europäischen Rechts auf die Schweiz, Festschrift für Professor Roger Zäch zum 60. Geburtstag";Haupt-Bibliothek;-;Zürich;"Schulthess Polygraphischer Verlag";-;;WB;;;"Uebrige Literatur";"Oeffentliches Recht";;export;0991688;045861900
"Misteli Jonas";"Neuerungen in der steuerlichen Behandlung von Kapitalerträgen aus amerikanischen Quellen";-;"19 - 36";Druckerzeugnis;"05.12.2003 08:19";"In: Nobel Peter (Hrsg.): Aktuelle Rechtsprobleme des Finanz- und Börsenplatzes Schweiz, S. 19-36";Haupt-Bibliothek;-;-;-;-;;WB;;;"Uebrige Literatur";"Oeffentliches Recht";;export;0991690;43500932X
"Masshardt Heinz O.";"Die Besteuerung ausländischer Gesellschaften in der Schweiz";"2 88033 001 7";603-612;Druckerzeugnis;"05.12.2003 08:19";"In: Association Henri Zwahlen pour le développement du droit administratif et du droit fiscal, (Hrsg.): Mélanges Henri Zwahlen - Recueil de travaux publiés à la mémoire du juge fédéral et professeur H. Zwahlen";Haupt-Bibliothek;-;Lausanne;"Imprimerie E. Ruckstuhl SA";-;;PK;LC;;"Einkommen- und Vermögensteuern, Ertrag- und Kapitalsteuern";"Besteuerung juristischer Personen, Kapitalgesellschaften-	Internationales Steuerrecht";;export;0991691;075234068
"Gassner Wolfgang/Lang Michael/Lechner Eduard";"Aktuelle Entwicklungen im Internationalen Steuerrecht";3-85122-421-3;280;Druckerzeugnis;"05.12.2003 08:19";"Das neue Musterabkommen der OECD";Haupt-Bibliothek;"LC 0228 1";Wien;"Linde Verlag";1994;;LC;;;"Interkantonales/Internationales Steuerrecht";"Internationales Steuerrecht";;reimport;0991491;280294689
"Schnettler Albert";"Betriebe öffentlicher Haushalte und Staat";;462;Druckerzeugnis;"05.12.2003 08:19";;Haupt-Bibliothek;"AA 137";Berlin;"Duncker & Humblot";1964;;YB;;;Wirtschaftswissenschaften;"Allgemeines. Methoden der W. Unterrichts- und Ausbildungsmethoden in den W., Wirtschaftspädagogik";;export;0991692;088695840
"Schindler Dietrich";"Die EU und das schweizerische Demokratieverständnis";"3 7255 3887 5";"S. 791-806";Druckerzeugnis;"05.12.2003 08:19";"In: Baldi, Marino, Baumann, Max & u.a., (Hrsg.): Der Einfluss des europäischen Rechts auf die Schweiz, Festschrift für Professor Roger Zäch zum 60. Geburtstag";Haupt-Bibliothek;-;Zürich;"Schulthess Polygraphischer Verlag";-;;WB;;;"Uebrige Literatur";"Oeffentliches Recht";;export;0991700;045865043
KPMG;"Bernisches Steuerrecht 2008";-;239;Druckerzeugnis;"10.08.2010 15:03";"Corporate Tax - Sammlung der bernischen Steuererlasse - Stand der Gesetzgebung: 1. Juni 2008";Haupt-Bibliothek;"HA 202";Gümligen-Bern;KPMG;2008;;HA;;;"Schweizerische Steuer-Gesetzgebung und -Judikatur";"Steuergesetzgebung (Bund, einzelne Kantone)";;export;0991708;102381976
"Elicker Michael";"Entwurf einer proportionalen Netto-Einkommensteuer";3-504-23038-X;351;Druckerzeugnis;"15.03.2010 12:53";"Textentwurf und Begründung";Haupt-Bibliothek;"KB 214";Köln;"Otto Schmidt Verlag";2004;;KB;;;"Ausländisches Steuerrecht";Deutschland;;reimport;0991709;515922447
"Kirchhof Paul/Offerhaus Klaus/Schöberle Horst";"Steuerrecht-Verfassungsrecht-Finanzpolitik - Festschrift für Franz Klein";3-504-06014-X;1196;Druckerzeugnis;"15.03.2010 17:11";;Haupt-Bibliothek;"JB 162";Köln;"Otto Schmidt Verlag";1994;;JB;;;"Allgemeine Steuerrechtsliteratur";"Festschriften, Sammelwerke, Bibliographien";;reimport;0991720;271559810
"Kohn Robert E.";"Air Pollution Control";0.669.00343.X;149;Druckerzeugnis;"05.12.2003 08:19";"A Welfare Economic Interpretation";Haupt-Bibliothek;"AJ 255";London;"Lexington Books";1975;;YY;;;Wirtschaftswissenschaften;"Regionale Wirtschaftspolitik. Stadtplanung";;export;0991722;14594820X
"Glatthard Alexander";"Die Finanzlage der Gemeinden";;11;Druckerzeugnis;10.09.2003;;Separata;"BA Sep. 02";Luzern;"FDK c/o Finanzverwaltung des Kantons Luzern";1996;;YL1;YL2;YL7;Wirtschaftswissenschaften;"Finanzwissenschaft. Betriebswirtschaftliche Steuerlehre";"Allgemeines-	Haushaltsaufstellung, -verwaltung und -kontrolle-	Finanzpolitik. Fiscal Policy. Finanzwirtschaft und Finanzpolitik einzelner Länder";export;0991725;174636334
"Brack Ruth";"Das Arbeitspensum in der Sozialarbeit";3-258-04465-1;111;Druckerzeugnis;"05.12.2003 08:19";"Soziale Arbeit, Bd. 3";Haupt-Bibliothek;"VE 152";Bern/Stuttgart;"Paul Haupt";1991;;YL2;;;Wirtschaftswissenschaften;"Finanzwissenschaft. Betriebswirtschaftliche Steuerlehre";"Haushaltsaufstellung, -verwaltung und -kontrolle";export;0991728;02810532X
"Locher Peter";"Die indirekte Teilliquidation im Recht der direkten Bundessteuer";"3 7272 9220 2";219-238;Druckerzeugnis;"05.12.2003 08:19";"In: Reich, M. & Zweifel, M., (Hrsg.): Das schweizerische Steuerrecht - Eine Standortbestimmung Festschrift zum 70. Geburtstag von Prof. Dr. Ferdinand Zuppinger";Haupt-Bibliothek;-;Bern;"Stämpfli & Cie AG";-;;PE;;;"Einkommen- und Vermögensteuern, Ertrag- und Kapitalsteuern";"Einkommen Selbständigerwerbender, Unternehmungsbesteuerung";;export;0991729;260116440
"Elsasser Hans";"Die Standortanforderungen der schweizerischen Industrie";;40;Druckerzeugnis;"05.12.2003 08:19";;Haupt-Bibliothek;"AJ 161";Zürich;"Institut für Orts-, Regional- und Landesplanung an der ETHZ";1969;;YY;;;Wirtschaftswissenschaften;"Regionale Wirtschaftspolitik. Stadtplanung";;export;0991730;093556896
"Probst Rudolf";"Die Ordnung der Finanzen bei der Regionalplanung - Herausforderung zur Planung des Rechts";;109-132;Druckerzeugnis;"05.12.2003 08:19";"In: diverse, (Hrsg.): Festschrift für Irene Blumenstein - Überreicht zum 70. Geburtstag am 23. April 1966";Haupt-Bibliothek;-;Bern;Genossenschaftsbuchdruckerei;-;;WB;;;"Uebrige Literatur";"Oeffentliches Recht";;export;0991732;103683321
"Reiss Wolfram";Umsatzsteuerrecht;978-3-86752-040-9;308;Druckerzeugnis;"04.08.2010 12:05";"10. A.";"HB Steuerrecht";"QB 377";Münster;"Alpmann und Schmidt";2009;;QB;;;Verbrauchsteuern;Umsatzsteuer;;reimport;0991735;51592489X
"Bouchat Sandy";"Die EG-Programme im Bereich von allgemeiner und beruflicher Bildung";;78;Druckerzeugnis;"05.12.2003 08:19";"Die Schweizer Beteiligung im Überblick Reihe: Wissenschaftspolitik, Beiheft 57";Haupt-Bibliothek;"EJ 121";Bern;EDMZ;1992;;YQ;;;Wirtschaftswissenschaften;"Spezielle Betriebswirtschaftslehren";;export;0991737;120324024
"Bericht der Eidgenössischen Expertenkommission für die Neuordnung der Krankenversicherung";"Bericht der Eidgenössischen Expertenkommission für die Neuordnung der Krankenversicherung vom 11. Februar 1972";;283;Druckerzeugnis;"05.12.2003 08:19";;Haupt-Bibliothek;"AF 123";Bern;"Eidgenössische Drucksachen- und Materialzentrale";1972;;YX;;;Wirtschaftswissenschaften;"Sozialpolitik. Gesundheitswesen. Bildungsökonomie";;export;0991738;517887479
"Klemmer Paul";"Der Metropolisierungsgrad der Stadtregionen";3.7792.5332.1;113;Druckerzeugnis;"05.12.2003 08:19";;Haupt-Bibliothek;"AJ 188";Hannover;"Gebr. Jänecke Verlag";1971;;YY;;;Wirtschaftswissenschaften;"Regionale Wirtschaftspolitik. Stadtplanung";;export;0991739;264209966
OECD;"Assessing the Impacts of Proposed Laws and Regulations";;87;Druckerzeugnis;"05.12.2003 08:19";;Haupt-Bibliothek;"EA 291";Paris;OECD;1997;;YQ;;;Wirtschaftswissenschaften;"Spezielle Betriebswirtschaftslehren";;export;0991746;426753003
"Rupp Friedrich";"Der Gesetzestatbestand der Rückstellungen im Bilanzsteuerrecht";3-631-42392-6;183;Druckerzeugnis;"05.12.2003 08:19";"Europäische Hochschulschriften, Reihe II, Bd. 1003";Haupt-Bibliothek;"PE 0468";"Frankfurt am Main";"Peter Lang GmbH";1991;;PE;;;"Einkommen- und Vermögensteuern, Ertrag- und Kapitalsteuern";"Einkommen Selbständigerwerbender, Unternehmungsbesteuerung";;reimport;0991757;284650331
"Schwarz Stefan";"Die GmbH als Konzerntochtergesellschaft";3-503-02063-2;287;Druckerzeugnis;05.12.2003;"Recht, Steuer, Betriebswirtschaft";Haupt-Bibliothek;"PN 230";Bielefeld;"Erich Schmidt Verlag GmbH & Co.";1988;;PN;;;"Einkommen- und Vermögensteuern, Ertrag- und Kapitalsteuern";"Besondere Arten von juristischen Personen";;reimport;0991761;515923613
"Sik Ota/Frickhöffer Wolfgang/Rapold Max";"Auf der Suche nach der humanen Wirtschaft Drei Modelle";;68;Druckerzeugnis;20.04.2004;"Gruppenberichte vom XVIII. Giessbach-Seminar des Redressement National, 18. bis 20. September 1969";Haupt-Bibliothek;"AK 0145";Zürich;"Redressement National";1970;;YC;;;Wirtschaftswissenschaften;"Wirtschaftstheorie, einschliesslich Geldtheorie";;export;0991764;529594285
"Leuzinger Hans W.";"Die deutschen Vermögenswerte in der Schweiz und ihre statistische Erfassung";;313;Druckerzeugnis;"05.12.2003 08:19";"auf Grund des Abkommens von Washington vom 25.5.1946 und des Ablösungsabkommens vom 26.8.1952- Dissertation";Haupt-Bibliothek;"AE 106";Winterthur;"Verlag P. G. Keller";1960;;YJ;;;Wirtschaftswissenschaften;"Volkswirtschaftliches Rechnungswesen. Sonstiges, einzelnen Gruppen nicht zuweisbares statistisches Material";;export;0991767;280190735
"Scheil Xenia B.";"Besteuerung von Alterseinkünften";3.88259.281.8;196;Druckerzeugnis;10.12.2004;"Verteilungswirkungen der steuerlichen Behandlung im internationalen Vergleich";Haupt-Bibliothek;"AH 192";München;"V. Florentz GmbH";1983;;YV;;;Wirtschaftswissenschaften;"Arbeitnehmerfragen (Labor Economics)";;export;0991772;276624238
