"Nystad Arild N.";"Application of Control and System Theory to Macroeconomics: A Survey";;52;Druckerzeugnis;"05.12.2003 08:19";;Haupt-Bibliothek;"AK 1063";"St. Gallen";"Forschungsgemeinschaft für Nationalökonomie";1981;;YC;;;Wirtschaftswissenschaften;"Wirtschaftstheorie, einschliesslich Geldtheorie";;"hsg duplicate";0991059;0303555
"Stadler Markus";"Controlling in der öffentlichen Verwaltung";-;84;Druckerzeugnis;"05.12.2003 08:19";"Zum Ausgabenaspekt- Bd. 1";Haupt-Bibliothek;"VE 145 1";Solothurn;"Verlag der FkF";1991;;YL2;;;Wirtschaftswissenschaften;"Finanzwissenschaft. Betriebswirtschaftliche Steuerlehre";"Haushaltsaufstellung, -verwaltung und -kontrolle";"hsg duplicate";0991063;0052388;;"Zum Ausgabenaspekt- Bd. 1"
"Sorba Antal";"Die grosse Schröpfung";3.430.18620.X;507;Druckerzeugnis;"05.12.2003 08:19";"5000 Jahre Wirtschaft trotz Finanzamt";Haupt-Bibliothek;"AC 152";Düsseldorf/Wien;"Econ Verlag";1971;;YL1;;;Wirtschaftswissenschaften;"Finanzwissenschaft. Betriebswirtschaftliche Steuerlehre";Allgemeines;"hsg duplicate";0991065;0361501
"Grass Rolf-Dieter";"Ausweichwirtschaft Abgrenzungen-Ausprägungen-Ausmasse";3.8204.5458.6;399;Druckerzeugnis;"05.12.2003 08:19";;Haupt-Bibliothek;"AK 1099";Frankfurt;"Peter Lang";1984;;YC;;;Wirtschaftswissenschaften;"Wirtschaftstheorie, einschliesslich Geldtheorie";;"hsg duplicate";0991067;0201585
"Gärdenfors Peter/Sahlin Nils-Eric";"Decision-probability-and utility";"0.521.33399.1 0.521.33658.9";425;Druckerzeugnis;"05.12.2003 08:19";"Selected Readings";Haupt-Bibliothek;"AK 1198";Cambridge;"Cambridge University Press";1988;;YC;;;Wirtschaftswissenschaften;"Wirtschaftstheorie, einschliesslich Geldtheorie";;"hsg duplicate";0991069;0001479
"Thoma Gerhard/Niemann Ursula";"Die Auslegung der Steuergesetze in Wissenschaft und Praxis";;343;Druckerzeugnis;"05.12.2003 08:19";;Haupt-Bibliothek;"JD 302";Köln;"Verlag Dr. Otto Schmidt KG";1965;;JD;;;"Allgemeine Steuerrechtsliteratur";"Grundsätze der Rechtsanwendung";;"hsg duplicate";0991074;0127933
"Ehret Helmut";"Die Anwendbarkeit von Input-Output-Modellen als Prognoseinstrument";;160;Druckerzeugnis;"05.12.2003 08:19";"Empirische Überprüfungen auf der Basis einer Input-Output-Tabelle für die Bundesrepublik Deutschland von 1954";Haupt-Bibliothek;"AE 149";Berlin;"Duncker & Humblot";1970;;YJ;;;Wirtschaftswissenschaften;"Volkswirtschaftliches Rechnungswesen. Sonstiges, einzelnen Gruppen nicht zuweisbares statistisches Material";;"hsg duplicate";0991076;0320780
"Gammie Malcolm";"Butterworths Yellow Tax Handbook 1996/97 - Part I";"0 406 06498 9";-;Druckerzeugnis;"05.12.2003 08:19";"Statutes, Income Tax, Corporation Tax, Capital Gains Tax";Haupt-Bibliothek;"KG 105 01";London;Butterworths;1996;;KG;;;"Ausländisches Steuerrecht";England;;"hsg duplicate";0999468;0991079
"Aalders Carel A. V./Bertouille S./u.a.";"Branches and Subsidiaries in the European Common Market";90.268.0830.5;307;Druckerzeugnis;"05.12.2003 08:19";"Legal and tax aspects";Haupt-Bibliothek;"FB 135";Netherlands;Kluwer-Deventer;1976;;YL5;YM;;Wirtschaftswissenschaften;"Finanzwissenschaft. Betriebswirtschaftliche Steuerlehre-	Internationaler Handel. Zahlungsbilanz und Wechselkurse";"Finanzwirtschaft supranationaler Behörden";"hsg duplicate";0991081;0126483
OECD;"Taxation and Foreign Direct Investment";-;165;Druckerzeugnis;"02.02.2004 16:17";"The Experience of the Economies in Transition";Haupt-Bibliothek;"LC 0169";Paris;OECD;1995;;LC;;;"Interkantonales/Internationales Steuerrecht";"Internationales Steuerrecht";;"hsg duplicate";0991085;0117448
"Wendt Rudolf";"Die Gebühr als Lenkungsmittel";;157;Druckerzeugnis;05.12.2003;;Haupt-Bibliothek;"GC 103";Hamburg;"Hansischer Gildenverlag, Joachim Heitmann & Co.";1975;;GC;;;Finanzrecht;Kausalabgaben;;"hsg duplicate";0991088;0362844
"Tretter Bertram";"Die Steuermentalität";3.428.03139.3;76;Druckerzeugnis;10.09.2003;"Ein internationaler Vergleich";Haupt-Bibliothek;"CA 204";Berlin;"Duncker & Humblot";1974;;YL7;YL8;YL9;Wirtschaftswissenschaften;"Finanzwissenschaft. Betriebswirtschaftliche Steuerlehre";"Finanzpolitik. Fiscal Policy. Finanzwirtschaft und Finanzpolitik einzelner Länder-	Allgemeine Steuerlehre, Steuersystem einzelner Länder-	Betriebswirtschaftliche Steuerlehre";"hsg duplicate";0991091;0364730
"Vereinigung schweiz. Betriebswirtschafter";"Die Unternehmung";;;Druckerzeugnis;"05.12.2003 08:19";;Haupt-Bibliothek;"AJ 155";Bern;"Paul Haupt";1968;;YY;;;Wirtschaftswissenschaften;"Regionale Wirtschaftspolitik. Stadtplanung";;"hsg duplicate";0991092;0008890
"Karl Fritz";"150 Jahre Staatsschuldenverwaltung 17.1.1820 - 17.1.1970";;126;Druckerzeugnis;"05.12.2003 08:19";"Ein Gang durch anderthalb Jahrhunderte deutscher Finanzgeschichte";Haupt-Bibliothek;"DA 111";Berlin;"Duncker & Humblot";1970;;YL2;YL7;;Wirtschaftswissenschaften;"Finanzwissenschaft. Betriebswirtschaftliche Steuerlehre";"Haushaltsaufstellung, -verwaltung und -kontrolle-	Finanzpolitik. Fiscal Policy. Finanzwirtschaft und Finanzpolitik einzelner Länder";"hsg duplicate";0991097;0360539
"Schwarzenbach-Hanhart Hans Rudolf";"Berufliche Vorsorge in Text und Tafeln";3.7255.3244.3;224;Druckerzeugnis;22.04.2004;"Textausgabe mit Verweisen auf andere Erlasse, Tafeln über die Zusammenhänge und ausführlichem Sachregister";Haupt-Bibliothek;"WD 223";Zürich;"Schultess Polygraphischer Verlag";1995;;WD;;;"Uebrige Literatur";"Diverse Gebiete, Umweltschutz";;"hsg duplicate";0991100;0077996
"Hesse Joachim Jens/Zöpel Christoph";"Der Staat der Zukunft";3-7890-1937-2;215;Druckerzeugnis;"05.12.2003 08:19";"Reihe: Forum Zukunft";Haupt-Bibliothek;"EA 224";Baden-Baden;Nomos;1990;;YQ;;;Wirtschaftswissenschaften;"Spezielle Betriebswirtschaftslehren";;"hsg duplicate";0991108;0044127
"Kommission für Konjunkturfragen des Eidgenössischen Volkswirtschaftsdepartementes";"Der schweizerische Index der industriellen Produktion";;24;Druckerzeugnis;20.04.2004;;Separata;"AE Sep. 08";Bern;"Verlag Schweizerisches Handelsblatt";1965;;YJ;;;Wirtschaftswissenschaften;"Volkswirtschaftliches Rechnungswesen. Sonstiges, einzelnen Gruppen nicht zuweisbares statistisches Material";;"hsg duplicate";0991109;0437431
"Hansmeyer K.-H.";"Der öffentliche Kredit";;127;Druckerzeugnis;"05.12.2003 08:19";;Haupt-Bibliothek;"DB 101";"Frankfurt am Main";"Fritz Knapp Verlag";1965;;YL2;YL7;;Wirtschaftswissenschaften;"Finanzwissenschaft. Betriebswirtschaftliche Steuerlehre";"Haushaltsaufstellung, -verwaltung und -kontrolle-	Finanzpolitik. Fiscal Policy. Finanzwirtschaft und Finanzpolitik einzelner Länder";"hsg duplicate";0991110;0296181
"Sen Amartya K.";"Collective Choice and Social Welfare";0.8162.7765.6;218;Druckerzeugnis;"05.12.2003 08:19";"Mathematical Economics Text";Haupt-Bibliothek;"BA 120";"San Francisco";"Holden-Day, Inc.";1970;;YL1;YL2;YL7;Wirtschaftswissenschaften;"Finanzwissenschaft. Betriebswirtschaftliche Steuerlehre";"Allgemeines-	Haushaltsaufstellung, -verwaltung und -kontrolle-	Finanzpolitik. Fiscal Policy. Finanzwirtschaft und Finanzpolitik einzelner Länder";"hsg duplicate";0991116;0199676
"Zimmerlin Erich/Heuberger Heinrich";"Aargauisches Steuerrecht - Gesetzesänderungen (mit Erläuterungen)-Verordnungen und Judikatur der Jahre 1946 bis 1952";;166;Druckerzeugnis;"05.12.2003 08:19";"Bd. 2";Haupt-Bibliothek;"JC 207 2";Aarau;"H.R. Sauerländer & Co.";1953;;JC;;;"Allgemeine Steuerrechtsliteratur";"Schweizerische Kommentare und Handbücher";;"hsg duplicate";0991119;0126627;"Bd. 2"
"Kötzle Alfred";"Die Eignung von Subventionen für die Umweltpolitik";3.428.04695.1;140;Druckerzeugnis;"05.12.2003 08:19";;Haupt-Bibliothek;"AG 324";Berlin;"Duncker & Humblot";1980;;YN;;;Wirtschaftswissenschaften;"Konjunkturschwankungen, Stabilitätspolitik";;"hsg duplicate";0991121;0200505
"Timm Herbert-Haller Heinz";"Beiträge zur Theorie der öffentlichen Ausgaben";;339;Druckerzeugnis;"05.12.2003 08:19";;Haupt-Bibliothek;"BA 103";Berlin;"Duncker & Humblot";1967;;YL1;YL2;YL7;Wirtschaftswissenschaften;"Finanzwissenschaft. Betriebswirtschaftliche Steuerlehre";"Allgemeines-	Haushaltsaufstellung, -verwaltung und -kontrolle-	Finanzpolitik. Fiscal Policy. Finanzwirtschaft und Finanzpolitik einzelner Länder";"hsg duplicate";0991134;0288776
"Wennrich Eberhard";"Die typisierende Betrachtungsweise im Steuerrecht";;127;Druckerzeugnis;05.12.2003;;Haupt-Bibliothek;"JD 307";Düsseldorf;"Verlagsbuchhandlung des Instituts für Wirtschaftsprüfer GmbH";1963;;JD;;;"Allgemeine Steuerrechtsliteratur";"Grundsätze der Rechtsanwendung";;"hsg duplicate";0991135;0098827
"Kux Wilhelm R.";"Ansätze zur Privatisierung öffentlicher Aufgaben";3.921678.01.3;267;Druckerzeugnis;"05.12.2003 08:19";;Haupt-Bibliothek;"AC 210";St.Augustin;"Institut für Kommunalwissenschaften der Konrad-Adenauer-Stiftung";1976;;YL1;;;Wirtschaftswissenschaften;"Finanzwissenschaft. Betriebswirtschaftliche Steuerlehre";Allgemeines;"hsg duplicate";0991140;0204701
"Matzen Heinrich";"Ausgeglichener Staatshaushalt und ökonomische Aktivität";;122;Druckerzeugnis;"05.12.2003 08:19";Dissertation;Haupt-Bibliothek;"AC 128";Bern;Offset;1967;;YL1;;;Wirtschaftswissenschaften;"Finanzwissenschaft. Betriebswirtschaftliche Steuerlehre";Allgemeines;"hsg duplicate";0991145;0291293
"Iblher Peter/Jansen Georg-Dietrich";"Die Bewertung städtischer Entwicklungsalternativen mit Hilfe sozialer Indikatoren - Dargestellt am Beispiel der Stadt Zürich -";;658;Druckerzeugnis;01.12.2004;;Haupt-Bibliothek;"AJ 225";Göttingen;"Vandenhoeck & Ruprecht";1972;;YY;;;Wirtschaftswissenschaften;"Regionale Wirtschaftspolitik. Stadtplanung";;"hsg duplicate";0991148;0354728
"Allemann Richard";"Die Gestaltung der Konzernspitze unter steuerlichen Aspekten";"3 258 05629 3";369;Druckerzeugnis;"05.12.2003 08:19";;"HB Steuerrecht";"PK 177";Bern/Stuttgart/Wien;"Paul Haupt";1997;;PK;;;"Einkommen- und Vermögensteuern, Ertrag- und Kapitalsteuern";"Besteuerung juristischer Personen, Kapitalgesellschaften";;"hsg duplicate";0991151;0140559
"Schmidt Hans-Jürgen";"Betriebswirtschaftslehre für die Verwaltung";3-7685-1481-1;341;Druckerzeugnis;"05.12.2003 08:19";;Haupt-Bibliothek;"EA 190";Heidelberg;R.v.Decker;1982;;YQ;;;Wirtschaftswissenschaften;"Spezielle Betriebswirtschaftslehren";;"hsg duplicate";0991155;0184257
"Johnson Harry";"Beiträge zur Geldtheorie und Geldpolitik";;335;Druckerzeugnis;06.09.2004;;Haupt-Bibliothek;"AK 0226";Berlin;"Duncker & Humblot";1969;;YK;;;Wirtschaftswissenschaften;"Geld, Kredit- und Bankwesen. Bankbetriebslehre";;"hsg duplicate";0991156;0293726
"Kluegel James R./Smith Eliot R.";"Beliefs about Inequality";0.202.30327.6;313;Druckerzeugnis;01.12.2004;"Americans' Views of What Is and What Ought to Be";Haupt-Bibliothek;"AH 197";"New York";"Aldine de Gruyter";1986;;YV;;;Wirtschaftswissenschaften;"Arbeitnehmerfragen (Labor Economics)";;"hsg duplicate";0991163;0337388
"Hangartner Yvo";"Das Bürgerrecht der Europäischen Union";"3 7255 3887 5";"S. 695-712";Druckerzeugnis;"05.12.2003 08:19";"In: Baldi, Marino, Baumann, Max & u.a., (Hrsg.): Der Einfluss des europäischen Rechts auf die Schweiz, Festschrift für Professor Roger Zäch zum 60. Geburtstag";Haupt-Bibliothek;-;Zürich;"Schulthess Polygraphischer Verlag";-;;WD;;;"Uebrige Literatur";"Diverse Gebiete, Umweltschutz";;"hsg duplicate";0991164;0179274
"Germann Raimund E.";"Administration publique en Suisse";3-258-05424-X;294;Druckerzeugnis;"05.12.2003 08:19";"L'appareil étatique et le gouvernement";Haupt-Bibliothek;"EA 280";Bern;"Paul Haupt";1996;;YQ;;;Wirtschaftswissenschaften;"Spezielle Betriebswirtschaftslehren";;"hsg duplicate";0126478;0117738
"Badenhoop Reinhard K. J.";"Bibliographie zur Organisation von Staat-Verwaltung-Wirtschaft - Bd. 1";;766;Druckerzeugnis;"05.12.2003 08:19";;Haupt-Bibliothek;"EA 108 1";Köln;"Grote'sche Verlagsbuchhandlung";1966;;YQ;;;Wirtschaftswissenschaften;"Spezielle Betriebswirtschaftslehren";;"hsg duplicate";0991165;0324695;"Bd. 1"
"Wacker Georg Friedrich";"Die Steuerwirkungen im Industriebetrieb";;208;Druckerzeugnis;"03.02.2004 16:35";"Dissertation der Uni Mannheim";Haupt-Bibliothek;"SC 104";Darmstadt;"Dr. Stoytscheff";1962;;SC;;;Steuerausweichung;Steuerüberwälzung;;"hsg duplicate";0991170;0254319
"Toillié Barbara";"Dezentrale Vermögensbildungsfonds";3.428.03935.1;"246 + Anhang";Druckerzeugnis;10.12.2004;"Organisation, Funktionsbedingungen, Probleme und Lösungsansätze";Haupt-Bibliothek;"AH 154";Berlin;"Duncker & Humblot";1977;;YV;;;Wirtschaftswissenschaften;"Arbeitnehmerfragen (Labor Economics)";;"hsg duplicate";0991171;0345611
"Bray Jeremy";"Decision in Government";;311;Druckerzeugnis;"05.12.2003 08:19";;Haupt-Bibliothek;"AD 115";London;"Victor Gollancz Ltd";1970;;YL1;;;Wirtschaftswissenschaften;"Finanzwissenschaft. Betriebswirtschaftliche Steuerlehre";Allgemeines;"hsg duplicate";0991173;0292663
"Grüske Karl-Dieter";"Die personale Budgetinzidenz";3-525-11318-8;347;Druckerzeugnis;"05.12.2003 08:19";"Eine Analyse für die Bundesrepublik";Haupt-Bibliothek;"VB 155";Göttingen;"Vadenhoek & Ruprecht";1978;;YL2;;;Wirtschaftswissenschaften;"Finanzwissenschaft. Betriebswirtschaftliche Steuerlehre";"Haushaltsaufstellung, -verwaltung und -kontrolle";"hsg duplicate";0991180;0199013
"Palmer John L.";"Creating Jobs Public Employment Programs and Wage Subsidies";0.8157.6892.3;370;Druckerzeugnis;"05.12.2003 08:19";;Haupt-Bibliothek;"AG 323";"Washington, D.C.";"The Brookings Institution";1978;;YN;;;Wirtschaftswissenschaften;"Konjunkturschwankungen, Stabilitätspolitik";;"hsg duplicate";0991181;0345359
"Brauchli Werner";"Das Phänomen der Stagflation Versuch einer theoretischen Klärung";;321;Druckerzeugnis;"05.12.2003 08:19";"Dissertation der Hochschule St. Gallen, Nr. 571";Haupt-Bibliothek;"AG 230";"St. Gallen";"ok organisation kolb";1975;;YN;;;Wirtschaftswissenschaften;"Konjunkturschwankungen, Stabilitätspolitik";;"hsg duplicate";0991189;0139255
"Schärli Alfred";"Die Gebühren des Bundes";;116;Druckerzeugnis;10.09.2003;;Haupt-Bibliothek;"CB 104";Winterthur;"Verlag P. G. Keller";1955;;YL7;YL8;;Wirtschaftswissenschaften;"Finanzwissenschaft. Betriebswirtschaftliche Steuerlehre";"Finanzpolitik. Fiscal Policy. Finanzwirtschaft und Finanzpolitik einzelner Länder-	Allgemeine Steuerlehre, Steuersystem einzelner Länder";"hsg duplicate";0991192;0349969
"Grassl Werner";"Die These der Staatsschuldneutralität";3.428.05729.5;133;Druckerzeugnis;"05.12.2003 08:19";"Kritische Erörterung unter besonderer Berücksichtigung von Kreditmarktimperfektionen";Haupt-Bibliothek;"DA 156";Berlin;"Duncker & Humblot";1984;;YL2;YL7;;Wirtschaftswissenschaften;"Finanzwissenschaft. Betriebswirtschaftliche Steuerlehre";"Haushaltsaufstellung, -verwaltung und -kontrolle-	Finanzpolitik. Fiscal Policy. Finanzwirtschaft und Finanzpolitik einzelner Länder";"hsg duplicate";0991196;0347952
"Schmähl Winfried";"Alterssicherung und Einkommensverteilung";3.16.338842.6;539;Druckerzeugnis;"05.12.2003 08:19";"Theoretische und empirische Untersuchungen zur Finanzierung, Leistungsgewährung und zur Verteilung zwischen Generationen";Haupt-Bibliothek;"AF 154";Tübingen;"J.C.B. Mohr (Paul Siebeck)";1977;;YX;;;Wirtschaftswissenschaften;"Sozialpolitik. Gesundheitswesen. Bildungsökonomie";;"hsg duplicate";0991199;0344932
"Atteslander Peter";"Die Grenzen des Wohlstands";3.421.06061.4;196;Druckerzeugnis;"05.12.2003 08:19";"An der Schwelle zum Zuteilungsstaat";Haupt-Bibliothek;"AF 188";Stuttgart;"Deutsche Verlags-Anstalt";1981;;YX;;;Wirtschaftswissenschaften;"Sozialpolitik. Gesundheitswesen. Bildungsökonomie";;"hsg duplicate";0991201;0342229
"Kleine-Hartlage Michael";"Der Währungsvertrag Schweiz-Liechtenstein";;300;Druckerzeugnis;06.09.2004;"Dissertation der HSG, Nr. 1056, 1988";Haupt-Bibliothek;"AK 0282";Bamberg;"difo-druck schmacht";1988;;YK;;;Wirtschaftswissenschaften;"Geld, Kredit- und Bankwesen. Bankbetriebslehre";;"hsg duplicate";0991210;0008248
"Baer Hans";"Die Bedeutung des Rentners als Steuerzahler";;138;Druckerzeugnis;10.09.2003;"Berner Dissertation";Haupt-Bibliothek;"CA 113";Affoltern;"Buchdruckerei J. Weiss";1950;;YL7;YL8;YL9;Wirtschaftswissenschaften;"Finanzwissenschaft. Betriebswirtschaftliche Steuerlehre";"Finanzpolitik. Fiscal Policy. Finanzwirtschaft und Finanzpolitik einzelner Länder-	Allgemeine Steuerlehre, Steuersystem einzelner Länder-	Betriebswirtschaftliche Steuerlehre";"hsg duplicate";0991214;0348072
"Rose Richard/Peters Guy";"Can Government go Bankrupt?";0.333.26280.8;249;Druckerzeugnis;"05.12.2003 08:19";;Haupt-Bibliothek;"AC 226";London;Macmillan;1978;;YL1;;;Wirtschaftswissenschaften;"Finanzwissenschaft. Betriebswirtschaftliche Steuerlehre";Allgemeines;"hsg duplicate";0991220;0364942
"Usher Dan";"Die ökonomischen Grundlagen der Demokratie";3.593.33148.9;254;Druckerzeugnis;"05.12.2003 08:19";;Haupt-Bibliothek;"AK 1079";Frankfurt;"Campus Verlag";1983;;YC;;;Wirtschaftswissenschaften;"Wirtschaftstheorie, einschliesslich Geldtheorie";;"hsg duplicate";0991224;0201079
"von Loeffelholz Hans Dietrich";"Die personale Inzidenz des Sozialhaushalts";3.525.11319.6;331;Druckerzeugnis;"05.12.2003 08:19";"Eine theoretische und empirische Studie";Haupt-Bibliothek;"AF 173";Göttingen;"Vandenhoeck & Ruprecht";1979;;YX;;;Wirtschaftswissenschaften;"Sozialpolitik. Gesundheitswesen. Bildungsökonomie";;"hsg duplicate";0991234;0342526
"Thiemeyer Theo";"Grenzkostenpreise bei öffentlichen Unternehmen";;248;Druckerzeugnis;08.01.2005;;Haupt-Bibliothek;"EG 101";Köln/Opladen;"Westdeutscher Verlag";1964;;YQ;;;Wirtschaftswissenschaften;"Spezielle Betriebswirtschaftslehren";;"hsg duplicate";0991239;0652703
"Kriesi Hanspeter";"Bewegung in der Schweizer Politik";3.593.33482.8;539;Druckerzeugnis;"05.12.2003 08:19";"Fallstudien zu politischen Mobilisierungsprozessen in der Schweiz";Haupt-Bibliothek;"AK 0458";Frankfurt;"Campus Verlag GmbH";1985;;YR;;;Wirtschaftswissenschaften;"Gewerbepolitik. Einzelne Wirtschaftszweige";;"hsg duplicate";0991245;0108076
"Beck-Wörner Martin";"Der Energieverbrauch der privaten Haushalte und seine Bestimmungsgründe. Empirische Untersuchung in der Stadt St. Gallen";;"179 + Anhang";Druckerzeugnis;"05.12.2003 08:19";"Dissertation der Hochschule St. Gallen, Nr. 845";Haupt-Bibliothek;"AG 349";Feldkirch;Kaindl;1982;;YN;;;Wirtschaftswissenschaften;"Konjunkturschwankungen, Stabilitätspolitik";;"hsg duplicate";0991247;0063067
"Radel Rainer";"Die Bedeutung des öffentlichen Personennahverkehrs für die Raumordnungspolitik in den ländlichen Regionen der Bundesrepublik Deutschland";;202;Druckerzeugnis;"05.12.2003 08:19";;Haupt-Bibliothek;"AJ 171";Berlin;"Duncker & Humblot";1970;;YY;;;Wirtschaftswissenschaften;"Regionale Wirtschaftspolitik. Stadtplanung";;"hsg duplicate";0991248;0329677
"Smekal Christian/Gantner Manfried";"Die längerfristige Entwicklung der öffentlichen Finanzwirtschaft in Österreich im Zeitraum 1950-1983";3.7003.0608.3;314;Druckerzeugnis;"05.12.2003 08:19";;Haupt-Bibliothek;"AB 109";Wien;"Wilhelm Braumüller Verlag";1985;;YL1;;;Wirtschaftswissenschaften;"Finanzwissenschaft. Betriebswirtschaftliche Steuerlehre";Allgemeines;"hsg duplicate";0991249;0347457
"Friedrich Peter";"Beiträge zur Theorie öffentlicher Unternehmen";0344-9777;221;Druckerzeugnis;"05.12.2003 08:19";"Zeitschrift für öffentliche und gemeinwirtschaftliche Unternehmen";Haupt-Bibliothek;"EF 186";Baden-Baden;Nomos;1992;;YQ;;;Wirtschaftswissenschaften;"Spezielle Betriebswirtschaftslehren";;"hsg duplicate";0991253;0048660
"Cross John G.";"A theory of adaptive economic behavior";0.521.25110.9;188;Druckerzeugnis;"05.12.2003 08:19";;Haupt-Bibliothek;"AK 1108";Cambridge;"Cambridge University Press";1983;;YC;;;Wirtschaftswissenschaften;"Wirtschaftstheorie, einschliesslich Geldtheorie";;"hsg duplicate";0991255;0201641
"Caiden Gerald E.";"Administrative Reform Comes of Age";"3.11.012645.1 Pb. 3.11.012895.0 Gewebe";316;Druckerzeugnis;"05.12.2003 08:19";;Haupt-Bibliothek;"EG 178";"Berlin und andere";"de Gruyter";1991;;YQ;;;Wirtschaftswissenschaften;"Spezielle Betriebswirtschaftslehren";;"hsg duplicate";0991271;0071625
"Hartz Wilhelm";"Die Auslegung von Steuergesetzen - Inhalt und Umfang der wirtschaftlichen Betrachtungsweise";;60;Druckerzeugnis;"05.12.2003 08:19";;Haupt-Bibliothek;"JD 310";Herne;"Industria Verlagsbuchhandlung GmbH";1956;;JD;;;"Allgemeine Steuerrechtsliteratur";"Grundsätze der Rechtsanwendung";;"hsg duplicate";0991274;0125885
"Eberle Rudolf";"Besteuerung und Finanzvermögen";3.8204.8095.1;285;Druckerzeugnis;10.09.2003;"Die Wirkungen der direkten Besteuerung auf Entstehung und Dispositionen von Finanzvermögen";Haupt-Bibliothek;"CA 229";Frankfurt;"Peter Lang";1985;;YL7;YL8;YL9;Wirtschaftswissenschaften;"Finanzwissenschaft. Betriebswirtschaftliche Steuerlehre";"Finanzpolitik. Fiscal Policy. Finanzwirtschaft und Finanzpolitik einzelner Länder-	Allgemeine Steuerlehre, Steuersystem einzelner Länder-	Betriebswirtschaftliche Steuerlehre";"hsg duplicate";0991277;0204764
"Naumann Jörg";"Der Einfluss von Interessengruppen auf die wirtschaftspolitische Willensbildung und Weichenstellung Eine Untersuchung (nicht nur) für die Schweiz";;143;Druckerzeugnis;"05.12.2003 08:19";"Dissertation der Universität Zürich, 1984";Haupt-Bibliothek;"AK 0459";;Vervielfältigung;1984;;YR;;;Wirtschaftswissenschaften;"Gewerbepolitik. Einzelne Wirtschaftszweige";;"hsg duplicate";0991279;0201674
"Baudenbacher Carl";"Aktuelle Probleme des Europäischen und internationalen Wirtschaftsrechts";3.472.03486.6;562;Druckerzeugnis;"05.12.2003 08:19";"Band I";Haupt-Bibliothek;"WC 231 1";"Neuwied, Kriftel";"Hermann Luchterhand Verlag GmbH";1998;;WC;;;"Uebrige Literatur";Privatrecht;;"hsg duplicate";0991280;0165698;"Band I"
"Keun Friedrich";"Die optimale Infrastrukturausstattung einer Region unter Berücksichtigung dynamischer Aspekte";;130;Druckerzeugnis;"05.12.2003 08:19";"dargestellt am Beispiel sozialer Infrastruktureinrichtungen zentraler Orte in ländlichen Räumen";Haupt-Bibliothek;"AJ 230";Göttingen;"Vandenhoeck & Ruprecht";1973;;YY;;;Wirtschaftswissenschaften;"Regionale Wirtschaftspolitik. Stadtplanung";;"hsg duplicate";0991283;0328201
"Schneider Helmut";"Der Einfluss der Steuern auf die unternehmerischen Investitionsentscheidungen";;235;Druckerzeugnis;10.09.2003;;Haupt-Bibliothek;"CA 129";Tübingen;"J.C.B. Mohr (Paul Siebeck)";1964;;YL7;YL8;YL9;Wirtschaftswissenschaften;"Finanzwissenschaft. Betriebswirtschaftliche Steuerlehre";"Finanzpolitik. Fiscal Policy. Finanzwirtschaft und Finanzpolitik einzelner Länder-	Allgemeine Steuerlehre, Steuersystem einzelner Länder-	Betriebswirtschaftliche Steuerlehre";"hsg duplicate";0991287;0242670
"Lueg Friedrich Wilhlem";"Die Einkommensteuerüberwälzung und ihre Probleme - ein dogmengeschichtlicher Abriss";;120;Druckerzeugnis;"02.03.2004 11:28";"Dissertation der Uni Freiburg Ue";Haupt-Bibliothek;"SC 103";Fribourg;Universität;1965;;SC;;;Steuerausweichung;Steuerüberwälzung;;"hsg duplicate";0991292;0358636
"Hügle Bernd";"Debt Management und Geldpolitik";;152;Druckerzeugnis;"05.12.2003 08:19";"Inaugural-Dissertation der Universität in Freiburg/Br., 1966";Haupt-Bibliothek;"DA 112";;Maschinenschrift;1966;;YL2;YL7;;Wirtschaftswissenschaften;"Finanzwissenschaft. Betriebswirtschaftliche Steuerlehre";"Haushaltsaufstellung, -verwaltung und -kontrolle-	Finanzpolitik. Fiscal Policy. Finanzwirtschaft und Finanzpolitik einzelner Länder";"hsg duplicate";0991293;0294003
"von Landsberg Georg";Bildungs-Controlling;"3 7910 0600 2";313;Druckerzeugnis;"05.12.2003 08:19";;Haupt-Bibliothek;"EJ 101";Stuttgart;Schäffer-Poeschel;1992;;YQ;;;Wirtschaftswissenschaften;"Spezielle Betriebswirtschaftslehren";;"hsg duplicate";0991298;0047337
"Noth Albert";"Die personelle Einkommensverteilung in der Schweiz 1949 bis 1968";;155;Druckerzeugnis;10.12.2004;"Dissertation der Universität Freiburg in der Schweiz";Haupt-Bibliothek;"AH 142";;Offset;1975;;YV;;;Wirtschaftswissenschaften;"Arbeitnehmerfragen (Labor Economics)";;"hsg duplicate";0991299;0354583
"Mishan E. J.";"Cost-Benefit Analysis-Third Edition";0.04.338099.9;441;Druckerzeugnis;"05.12.2003 08:19";"An Informal Introduction";Haupt-Bibliothek;"BG 117";London;"George Allen & Unwin";1982;;YL7;;;Wirtschaftswissenschaften;"Finanzwissenschaft. Betriebswirtschaftliche Steuerlehre";"Finanzpolitik. Fiscal Policy. Finanzwirtschaft und Finanzpolitik einzelner Länder";"hsg duplicate";0991300;0361989
"Häusler Rudolf";"Die Erfolgsbeteiligung als Mittel zur Vermögensbildung der Arbeitnehmer und ihre gesamtwirtschaftlichen Auswirkungen";;240;Druckerzeugnis;10.12.2004;"Dissertation der Hochschule St. Gallen, Nr. 381";Haupt-Bibliothek;"AH 119";München;UNI-Druck;1970;;YV;;;Wirtschaftswissenschaften;"Arbeitnehmerfragen (Labor Economics)";;"hsg duplicate";0991301;0024010
"Schön Wolfgang";"Die Auslegung europäischen Steuerrechts - Das harmonisierte Steuerrecht zwischen nationalem Zivilrecht und europäischem Gemeinschaftsrecht";"3 504 64219 X";75;Druckerzeugnis;05.12.2003;;Haupt-Bibliothek;"JD 341";Köln;"Verlag Dr.Otto Schmidt";1993;;JD;;;"Allgemeine Steuerrechtsliteratur";"Grundsätze der Rechtsanwendung";;"hsg duplicate";0991303;0068330
"Walter Philip";"Die steuerliche Gewinnberichtigung bei den Partnerwerken der Elektrizitätswirtschaft nach Art. 58 Abs. 3 DGB";"3 258 05417 7";304;Druckerzeugnis;"05.12.2003 08:19";;Haupt-Bibliothek;"PN 107";Bern/Stuttgart/Wien;"Paul Haupt";1996;;PN;;;"Einkommen- und Vermögensteuern, Ertrag- und Kapitalsteuern";"Besondere Arten von juristischen Personen";;"hsg duplicate";0991304;0139119
"Bühlmann Andreas";"Die Bedeutung der stillen Reserven nach dem revidierten Aktienrecht";"3 908567 48 3";266;Druckerzeugnis;05.12.2003;;Haupt-Bibliothek;"WC 227";Winterthur;"Hans Schellenberg";1996;;WC;;;"Uebrige Literatur";Privatrecht;;"hsg duplicate";0991308;0139372
"Mutze Otto";"Das Zivilrecht in der Steuer- und Wirtschaftspraxis";;366;Druckerzeugnis;05.12.2003;;Haupt-Bibliothek;"JD 319";Köln;"Verlag Dr.Otto Schmidt KG";1962;;JD;;;"Allgemeine Steuerrechtsliteratur";"Grundsätze der Rechtsanwendung";;"hsg duplicate";0991313;0110514
"Merz Alfred";"Die Bedeutung der öffentlichen Verschuldung für die Volkswirtschaft";;119;Druckerzeugnis;"05.12.2003 08:19";"Inaugural-Dissertation der Universität Bern, 1942";Haupt-Bibliothek;"DA 102";Bern;"Buckdruckerei Gustav Grunau & Cie.";1942;;YL2;YL7;;Wirtschaftswissenschaften;"Finanzwissenschaft. Betriebswirtschaftliche Steuerlehre";"Haushaltsaufstellung, -verwaltung und -kontrolle-	Finanzpolitik. Fiscal Policy. Finanzwirtschaft und Finanzpolitik einzelner Länder";"hsg duplicate";0991315;0346979
"Tullock Gordon";Autocracy;90.247.3398.7;215;Druckerzeugnis;"05.12.2003 08:19";;Haupt-Bibliothek;"AK 1186";Dordrecht;"Kluwer Academic Publishers";1987;;YC;;;Wirtschaftswissenschaften;"Wirtschaftstheorie, einschliesslich Geldtheorie";;"hsg duplicate";0991316;0008062
"Muscheid Jutta";"Die Steuerpolitik in der Bundesrepublik Deutschland 1949 - 1982";"3 428 06004 0";202;Druckerzeugnis;05.12.2003;;Haupt-Bibliothek;"KB 127";Berlin;"Duncker & Humblot";1986;;KB;;;"Ausländisches Steuerrecht";Deutschland;;"hsg duplicate";0991317;0345728
"Reuter Till";"Besteuerung von Konzernen zwischen Einheitskonzept und Trennungskonzept";-;300;Druckerzeugnis;"05.12.2003 08:19";"Vorschläge zur sachgerechten Besteuerung von internationalen Konzernen - Dissertation Nr. 2257 Uni SG";Haupt-Bibliothek;"PN 244";Bamberg;"Difo-Druck OHG";1999;;PN;;;"Einkommen- und Vermögensteuern, Ertrag- und Kapitalsteuern";"Besondere Arten von juristischen Personen";;"hsg duplicate";0991318;0205235
"Matzner Egon";"Der Wohlfahrtsstaat von morgen";3.593.33065.2;376;Druckerzeugnis;"05.12.2003 08:19";"Entwurf eines zeitgemässen Musters staatlicher Interventionen, Schriften des Wissenschaftszentrums Berlin, Internat. Institut für Management und Verwaltung/Arbeitsmarktpolitik";Haupt-Bibliothek;"AK 1071";Frankfurt;"Campus Verlag";1982;;YC;;;Wirtschaftswissenschaften;"Wirtschaftstheorie, einschliesslich Geldtheorie";;"hsg duplicate";0991324;0340851
"Winter André";"Die Entwicklung der Finanzplanung des Bundes";;184;Druckerzeugnis;"05.12.2003 08:19";"Dissertation der Uni Zürich";Haupt-Bibliothek;"VC 181";Diessenhofen;Rüegger;1978;;YL2;;;Wirtschaftswissenschaften;"Finanzwissenschaft. Betriebswirtschaftliche Steuerlehre";"Haushaltsaufstellung, -verwaltung und -kontrolle";"hsg duplicate";0991326;0204692
OECD;"Competition Policy in OECD Countries 1991-1992";;429;Druckerzeugnis;06.09.2004;;Haupt-Bibliothek;"AK 0471";Paris;OECD;1994;;YR;;;Wirtschaftswissenschaften;"Gewerbepolitik. Einzelne Wirtschaftszweige";;"hsg duplicate";0991327;0007461
"Oechsle Klaus";"Die steuerlichen Grundrechte in der jüngeren deutschen Verfassungsgeschichte";"3 428 07814 4";203;Druckerzeugnis;05.12.2003;"Zugleich eine Untersuchung über das historische Verhältnis von Steuerverfassungsrecht und Finanzwissenschaft";Haupt-Bibliothek;"KB 137";Berlin;"Duncker & Humblot";1993;;KB;;;"Ausländisches Steuerrecht";Deutschland;;"hsg duplicate";0991334;0063772
"Keller Beat";"Bauzone und Siedlungsgebiet";3.907086.51.1;119;Druckerzeugnis;"05.12.2003 08:19";"Vorschläge zur Revision des Raumplanungsgesetzes";Haupt-Bibliothek;"AJ 366";Liebefeld-Bern;"Nationales Forschungsprogramm";1990;;YY;;;Wirtschaftswissenschaften;"Regionale Wirtschaftspolitik. Stadtplanung";;"hsg duplicate";0991337;0030121
"Eidg. Kommission für die Gesamtenergiekonzeption (GEK)";"Das schweizerische Energiekonzept.  Heutiger Zustand-Perspektiven-Ziele-Postulate-Massnahmen";;744;Druckerzeugnis;"05.12.2003 08:19";"Schlussbericht Band I";Haupt-Bibliothek;"AG 280 I";Bern;"Eidg. Drucksachen- und Materialzentrale";1978;;YN;;;Wirtschaftswissenschaften;"Konjunkturschwankungen, Stabilitätspolitik";;"hsg duplicate";0991643;0357166
"Guldimann Tim";"Die Grenzen des Wohlfahrtsstaates";3.406.04945.1;173;Druckerzeugnis;"05.12.2003 08:19";"Am Beispiel Schwedens und der Bundesrepublik";Haupt-Bibliothek;"AF 149";München;"Verlag C.H. Beck";1976;;YX;;;Wirtschaftswissenschaften;"Sozialpolitik. Gesundheitswesen. Bildungsökonomie";;"hsg duplicate";0991346;0348086
"Christen Daniel V.";"Anlagen in Venture Capital-Fonds";;205;Druckerzeugnis;"05.12.2003 08:19";"Dissertation Nr. 1262 der HSG";Haupt-Bibliothek;"WA 266";Bern;"Paul Haupt";1991;;YP;;;Wirtschaftswissenschaften;"Allgemeine Betriebswirtschaftslehre";;"hsg duplicate";0991350;0040123
"Fischer Georges";"Der Wohlstand der Kantone - Bd. 1";3.258.02926.1;137;Druckerzeugnis;"05.12.2003 08:19";"Band I Grundlagen und Ergebnisse kantonaler Volkseinkommensrechnungen für 1975";Haupt-Bibliothek;"AK 1038 1";Bern;"Paul Haupt";1980;;YC;;;Wirtschaftswissenschaften;"Wirtschaftstheorie, einschliesslich Geldtheorie";;"hsg duplicate";0353419;0204459;"Bd. 1";"Band I Grundlagen und Ergebnisse kantonaler Volkseinkommensrechnungen für 1975"
"Mielke Bernd";"Die Kosten überörtlicher Funktionen in Grossstädten";3.428.04428.2;175;Druckerzeugnis;"05.12.2003 08:19";"mit einer Fallstudie am Beispiel Hamburgs";Haupt-Bibliothek;"AC 223";Berlin;"Duncker & Humblot";1979;;YL1;;;Wirtschaftswissenschaften;"Finanzwissenschaft. Betriebswirtschaftliche Steuerlehre";Allgemeines;"hsg duplicate";0991359;0346810
"Schmölders Günter/Schelle Klaus";"Der manipulierte Steuerzahler Vom Missbrauch der Besteuerung zu finanzfremden Zwecken";;77;Druckerzeugnis;10.09.2003;;Haupt-Bibliothek;"CE 113";Wiesbaden;"Karl-Bräuer-Institut des Bundes der Steuerzahler";1978;;YL7;YL8;;Wirtschaftswissenschaften;"Finanzwissenschaft. Betriebswirtschaftliche Steuerlehre";"Finanzpolitik. Fiscal Policy. Finanzwirtschaft und Finanzpolitik einzelner Länder-	Allgemeine Steuerlehre, Steuersystem einzelner Länder";"hsg duplicate";0991361;0126465
"Allgemeine Treuhand AG";"Beiträge aus der Treuhandpraxis";-;330;Druckerzeugnis;"05.12.2003 08:19";"Festgabe der Allgemeinen Treuhand AG zum 60. Geburtstag ihres Verwaltungsratspräsidenten Hans Müller, Bern, 20. April 1960";Haupt-Bibliothek;"JB 120";Bern;"Stämpfli und Cie";1961;;WD;;;"Uebrige Literatur";"Diverse Gebiete, Umweltschutz";;"hsg duplicate";0991367;0262488
"Borner Silvio";"Die Überbeschäftigung Ansätze zu einer theoretischen Klärung";;383;Druckerzeugnis;31.03.2004;"Dissertation der HSG, Nr. 320, 1969";Haupt-Bibliothek;"AK 0129";"Zürich/St. Gallen";"Polygraphischer Verlag";1969;;YC;;;Wirtschaftswissenschaften;"Wirtschaftstheorie, einschliesslich Geldtheorie";;"hsg duplicate";0991368;0025663
"Fichtelmann Helmar";"Die GmbH & Co KG im Steuerrecht";3-8114-9498-8;220;Druckerzeugnis;"05.12.2003 08:19";"8. A.";Haupt-Bibliothek;"KB 154";Heidelberg;"C. F. Müller Verlag";1999;;KB;;;"Ausländisches Steuerrecht";Deutschland;;"hsg duplicate";0991370;0173472
"Giroud Charles/Purtschert Robert/Schwarz Peter";"Das Freiburger Management-Modell für Nonprofit-Organisationen (NPO)";3-258--05110-0;166;Druckerzeugnis;01.12.2004;;Haupt-Bibliothek;"EF 208";"Bern, Stuttgart, Wien";"Paul Haupt";1995;;YQ;;;Wirtschaftswissenschaften;"Spezielle Betriebswirtschaftslehren";;"hsg duplicate";0991371;0081355
"Cooper George";"A Voluntary Tax? New Perspectives on Sophisticated Estate Tax Avoidance";0.8157.1552.8;111;Druckerzeugnis;10.09.2003;;Haupt-Bibliothek;"CE 110";Washington;"The Brookings Institution";1979;;YL7;YL8;;Wirtschaftswissenschaften;"Finanzwissenschaft. Betriebswirtschaftliche Steuerlehre";"Finanzpolitik. Fiscal Policy. Finanzwirtschaft und Finanzpolitik einzelner Länder-	Allgemeine Steuerlehre, Steuersystem einzelner Länder";"hsg duplicate";0991375;0361114
"Husy Thomas";"Die eigenen Mittel der schweizerischen Banken";;130;Druckerzeugnis;06.09.2004;"Dissertation der HSG, Nr. 4, 1946";Haupt-Bibliothek;"AK 0213";"St. Gallen";"Verlag der Fehr'schen Buchhandlung";1946;;YK;;;Wirtschaftswissenschaften;"Geld, Kredit- und Bankwesen. Bankbetriebslehre";;"hsg duplicate";0991377;0135551
"Bundesamt für Statistik";"Bildungsindikatoren Schweiz";3.303.15112.1;"129 + Anhang";Druckerzeugnis;"05.12.2003 08:19";"Bildungssystem(e) Schweiz im Wandel";Haupt-Bibliothek;"EJ 159";Bern;"Bundesamt für Statistik";1995;;YQ;;;Wirtschaftswissenschaften;"Spezielle Betriebswirtschaftslehren";;"hsg duplicate";0991382;0097423
"Binswanger Hans-Christoph";"Die europäische Wirtschaftsintegration durch partielle Unionen mit besonderer Berücksichtigung der Kohle- und Stahlindustrie";;191;Druckerzeugnis;06.09.2004;"Dissertation der Universität Zürich, 1957";Haupt-Bibliothek;"AK 0302";Winterthur;"Verlag P. G. Keller";1957;;YM;;;Wirtschaftswissenschaften;"Internationaler Handel. Zahlungsbilanz und Wechselkurse";;"hsg duplicate";0991383;0167285
"Weck-Hannemann Hannelore/Pommerehne Werner W./Frey Bruno S.";"Die heimliche Wirtschaft";3.258.03541.5;100;Druckerzeugnis;06.12.2004;"Struktur und Entwicklung der Schattenwirtschaft in der Schweiz";Haupt-Bibliothek;"AG 381";Bern;"Paul Haupt";1986;;YN;;;Wirtschaftswissenschaften;"Konjunkturschwankungen, Stabilitätspolitik";;"hsg duplicate";0991386;0202012
"Wirz André Serge";"Die Quasifusion von Aktiengesellschaften im schweizerischen Steuerrecht";;264;Druckerzeugnis;"05.12.2003 08:19";"Diss. Nr. 2084 der HSG";"HB Steuerrecht";"PL 228";Hallstadt;Rosch-Buch;1997;;PL;;;"Einkommen- und Vermögensteuern, Ertrag- und Kapitalsteuern";"Gewinnsteuer der Kapitalgesellschaften";;"hsg duplicate";0991390;0153725
"Hutter Michael";"Die Gestaltung von Property Rights als Mittel gesellschaftlich-wirtschaftlicher Allokation";3-525-12305-1;227;Druckerzeugnis;"05.12.2003 08:19";;Haupt-Bibliothek;"AC 217";Göttingen;"Vandenhoeck & Ruprecht";1979;;YL1;;;Wirtschaftswissenschaften;"Finanzwissenschaft. Betriebswirtschaftliche Steuerlehre";Allgemeines;"hsg duplicate";0991399;0197850
"Friedrich-Wilhelm Behmenburg";"Die langfristige Investitionsplanung der Gemeinden";;97;Druckerzeugnis;"05.12.2003 08:19";;Haupt-Bibliothek;"EC 107";Düsseldorf;"Verlagsbuchhandlung des Instituts der Wirtschaftsprüfer GmbH";1962;;YL3;YQ;;Wirtschaftswissenschaften;"Finanzwissenschaft. Betriebswirtschaftliche Steuerlehre-	Spezielle Betriebswirtschaftslehren";"Finanzwirtschaft untergeordneter Gebietskörperschaften";"hsg duplicate";0991401;0359398
"Cnossen Sijbren";"Comparative Tax Studies";0444.86421.0;430;Druckerzeugnis;"05.12.2003 08:19";"Essays in honor of Richard Goode";Haupt-Bibliothek;"CA 230";Amsterdam;North-Holland;1983;;YL7;YL8;YL9;Wirtschaftswissenschaften;"Finanzwissenschaft. Betriebswirtschaftliche Steuerlehre";"Finanzpolitik. Fiscal Policy. Finanzwirtschaft und Finanzpolitik einzelner Länder-	Allgemeine Steuerlehre, Steuersystem einzelner Länder-	Betriebswirtschaftliche Steuerlehre";"hsg duplicate";0991404;0348264
"Petry Günther/Wied-Nebbeling Susanne";"Die gesamtwirtschaftliche Bedeutung der Schattenwirtschaft";3.593.33841.6;156;Druckerzeugnis;01.12.2004;;Haupt-Bibliothek;"AK 1193";Frankfurt;"Campus Verlag";1987;;YC;;;Wirtschaftswissenschaften;"Wirtschaftstheorie, einschliesslich Geldtheorie";;"hsg duplicate";0991405;0004163
"Ballard Charles L./Fullerton Don/Shoven John B.";"A General Equilibrium Model for Tax Policy Evaluation";0.226.03632.4;243;Druckerzeugnis;10.09.2003;;Haupt-Bibliothek;"CA 237";"Chicago and London";"University of Chicago Press";1985;;YL7;YL8;YL9;Wirtschaftswissenschaften;"Finanzwissenschaft. Betriebswirtschaftliche Steuerlehre";"Finanzpolitik. Fiscal Policy. Finanzwirtschaft und Finanzpolitik einzelner Länder-	Allgemeine Steuerlehre, Steuersystem einzelner Länder-	Betriebswirtschaftliche Steuerlehre";"hsg duplicate";0991408;0345747
"Diem Markus";"Die Beschäftigungssituation der Neuabsolventinnen und Neuabsolventen der Schweizer Hochschulen 1991";;138;Druckerzeugnis;"05.12.2003 08:19";"Reihe: Wissenschaftspolitik, Beiheft 56";Haupt-Bibliothek;"EJ 122";Bern;EDMZ;1992;;YQ;;;Wirtschaftswissenschaften;"Spezielle Betriebswirtschaftslehren";;"hsg duplicate";0991410;0726493
"Expertengruppe Bundesrat";"Allgemeine Überprüfung der Bundessubventionen - Teil 1";;125;Druckerzeugnis;"05.12.2003 08:19";"Bericht der vom Bundesrat eingesetzten Expertengruppe";Haupt-Bibliothek;"BC 204 1";Bern;;1966;;YL7;;;Wirtschaftswissenschaften;"Finanzwissenschaft. Betriebswirtschaftliche Steuerlehre";"Finanzpolitik. Fiscal Policy. Finanzwirtschaft und Finanzpolitik einzelner Länder";"hsg duplicate";0991414;0356909;"Teil 1";"Bericht der vom Bundesrat eingesetzten Expertengruppe"
"Kösters Rudolf";"Die Regulierung externer Effekte";3.16.341801.5;205;Druckerzeugnis;"05.12.2003 08:19";;Haupt-Bibliothek;"AC 221";Tübingen;"J.C.B.Mohr (Paul Siebeck)";1979;;YL1;;;Wirtschaftswissenschaften;"Finanzwissenschaft. Betriebswirtschaftliche Steuerlehre";Allgemeines;"hsg duplicate";0991415;0361043
"Haegert Lutz";"Der Einfluss der Steuern auf das optimale Investitions- und Finanzierungsprogramm";3.409.3421.3;215;Druckerzeugnis;10.09.2003;;Haupt-Bibliothek;"CA 151";Wiesbaden;"Betriebswirtschaftlicher Verlag Th. Gabler";1971;;YL7;YL8;YL9;Wirtschaftswissenschaften;"Finanzwissenschaft. Betriebswirtschaftliche Steuerlehre";"Finanzpolitik. Fiscal Policy. Finanzwirtschaft und Finanzpolitik einzelner Länder-	Allgemeine Steuerlehre, Steuersystem einzelner Länder-	Betriebswirtschaftliche Steuerlehre";"hsg duplicate";0991416;0258884
"Baumeler Joseph";"Die Neuordnung von Wasserkraftnutzungen Wirtschaftliche und ordnungspolitische Fragen";3.7253.0288.X;502;Druckerzeugnis;"05.12.2003 08:19";"Dissertation HSG, Nr. 991";Haupt-Bibliothek;"AJ 338";Grüsch;Rüegger;1987;;YY;;;Wirtschaftswissenschaften;"Regionale Wirtschaftspolitik. Stadtplanung";;"hsg duplicate";0991417;0027939
"Hedtkamp Günter";"Das sowjetische Finanzsystem";3.428.03057.5;205;Druckerzeugnis;"05.12.2003 08:19";"Giessener Abhandlungen zur Agrar- und Wirtschaftsforschung des europäischen Ostens";Haupt-Bibliothek;"AA 241";Berlin;"Duncker & Humblot";1974;;YB;;;Wirtschaftswissenschaften;"Allgemeines. Methoden der W. Unterrichts- und Ausbildungsmethoden in den W., Wirtschaftspädagogik";;"hsg duplicate";0991422;0362934
"Naegeli Wolfgang/Wenger Heinz";"Der Liegenschaftenschätzer";"3 7255 3580 9";307;Druckerzeugnis;"05.12.2003 08:19";;Haupt-Bibliothek;"PJ 314";Zürich;"Schulthess Polygraphischer Verlag";1997;;PJ;;;"Einkommen- und Vermögensteuern, Ertrag- und Kapitalsteuern";Vermögensteuer;;"hsg duplicate";0991428;0135931
"Häussermann Hartmut";"Die Politik der Bürokratie";3-593-32531-4;126;Druckerzeugnis;"05.12.2003 08:19";"Einführung in die Soziologie der staatlichen Verwaltung";Haupt-Bibliothek;"EA 155";Frankfurt/Main;"Campus Verlag GmbH";1977;;YQ;;;Wirtschaftswissenschaften;"Spezielle Betriebswirtschaftslehren";;"hsg duplicate";0991429;0106047
"Lichy Wolfgang";"Besteuerung und Innenfinanzierung Finanzierungseffekte der betrieblichen Steuerpolitik";;162;Druckerzeugnis;"03.03.2004 10:23";"Dissertation der Uni Berlin";Haupt-Bibliothek;"PL 502";Berlin;"Walter de Gruyter & Co.";1967;;PL;;;"Einkommen- und Vermögensteuern, Ertrag- und Kapitalsteuern";"Gewinnsteuer der Kapitalgesellschaften";;"hsg duplicate";0991430;0243393
"Olivet Peter";"Die Organisation der Organisation der öffentlichen Verwaltung in der Bundesrepublik Deutschland";3-428-04138-0;261;Druckerzeugnis;"05.12.2003 08:19";"Aufbau und Arbeitsweise der zentralen Organisationsstellen in der öffentlichen Verwaltung der Bundesrepublik Deutschland";Haupt-Bibliothek;"EA 159";Berlin;"Duncker & Humblot";1978;;YQ;;;Wirtschaftswissenschaften;"Spezielle Betriebswirtschaftslehren";;"hsg duplicate";0991431;0100223
"Andersen Uwe/Bahro Horst/u.a.";"Der Staat in der Wirtschaft der Bundesrepublik";3.8100.0384.0;531;Druckerzeugnis;"05.12.2003 08:19";;Haupt-Bibliothek;"AG 374";Opladen;"Leske Verlag + Budrich GmbH";1985;;YN;;;Wirtschaftswissenschaften;"Konjunkturschwankungen, Stabilitätspolitik";;"hsg duplicate";0991432;0201744
"Stauffer Hans-Ulrich";"Die berufliche Vorsorge BVG / FZG / ZGB / OR";"3 7255 3514 0";231;Druckerzeugnis;05.12.2003;;Haupt-Bibliothek;"WB 237";Zürich;"Schulthess Polygraphischer Verlag";1996;;WB;;;"Uebrige Literatur";"Oeffentliches Recht";;"hsg duplicate";0991434;0119766
"Toffler Alvin";"Die Grenzen der Krise";;152;Druckerzeugnis;"05.12.2003 08:19";"Warum geraten die Welt und unsere Wirtschaft ausser Kontrolle? Alle reden von Krise. Hier lernen wir sie verstehen.";Haupt-Bibliothek;"AG 250";;Scherz;1975;;YN;;;Wirtschaftswissenschaften;"Konjunkturschwankungen, Stabilitätspolitik";;"hsg duplicate";0991435;0199297
"Musgrave Richard A./Musgrave Peggy B./Kullmer Lore";"Die öffentlichen Finanzen in Theorie und Praxis - Bd. 1";3-16-845554-7;274;Druckerzeugnis;"05.12.2003 08:19";"5. A.";Haupt-Bibliothek;"AA 247 1";Tübingen;"J.C.B.Mohr (Paul Siebeck)";1990;;YB;;;Wirtschaftswissenschaften;"Allgemeines. Methoden der W. Unterrichts- und Ausbildungsmethoden in den W., Wirtschaftspädagogik";;"hsg duplicate";0991440;0061544;"Bd. 1";"5 A"
"Michel P.";"Die öffentlichen und privaten Turn--Spiel- und Sportanlagen in der Region Bern";;35;Druckerzeugnis;"05.12.2003 08:19";;Separata;"AJ Sep. 23";Bern;"Regionalforschungsstelle der Stadt Bern";1966;;YY;;;Wirtschaftswissenschaften;"Regionale Wirtschaftspolitik. Stadtplanung";;"hsg duplicate";0991441;0443987
"Musgrave Richard A.";"Classics in the Theory of Public Finance";;247;Druckerzeugnis;"05.12.2003 08:19";;Haupt-Bibliothek;"AA 134";"New York";"Macmillan, St.Martin's Press";1967;;YB;;;Wirtschaftswissenschaften;"Allgemeines. Methoden der W. Unterrichts- und Ausbildungsmethoden in den W., Wirtschaftspädagogik";;"hsg duplicate";0991445;0779928
"Rondorf Dieter";"Die Bewertung öffentlicher Leistungen durch die Bürger";3.8204.5652.X;215;Druckerzeugnis;"05.12.2003 08:19";"Ihre Bedeutung für die Effizienz des staatlichen Sektors und Ansätze zu ihrer Messung";Haupt-Bibliothek;"AC 277";Frankfurt;"Peter Lang";1985;;YL1;;;Wirtschaftswissenschaften;"Finanzwissenschaft. Betriebswirtschaftliche Steuerlehre";Allgemeines;"hsg duplicate";0991452;0345686
"Giger Markus";"Die Regionalisierung des öffentlichen Verkehrs";;195;Druckerzeugnis;"05.12.2003 08:19";"Dissertation HSG, Nr. 1240";Haupt-Bibliothek;"AJ 359";Bern;"Paul Haupt";1991;;YY;;;Wirtschaftswissenschaften;"Regionale Wirtschaftspolitik. Stadtplanung";;"hsg duplicate";0991458;0034822
"Blümel Wolfgang";"Die Allokation öffentlicher Güter in unterschiedlichen Allokationsverfahren";3.428.06140.3;142;Druckerzeugnis;"05.12.2003 08:19";"Eine vergleichende theoretische Untersuchung";Haupt-Bibliothek;"BA 138";Berlin;"Duncker & Humblot";1987;;YL1;YL2;YL7;Wirtschaftswissenschaften;"Finanzwissenschaft. Betriebswirtschaftliche Steuerlehre";"Allgemeines-	Haushaltsaufstellung, -verwaltung und -kontrolle-	Finanzpolitik. Fiscal Policy. Finanzwirtschaft und Finanzpolitik einzelner Länder";"hsg duplicate";0991459;0002244
"Kneschaurek Francesco";"Der schweizerische Konjunkturverlauf und seine Bestimmungsfaktoren";;1952;Druckerzeugnis;"05.12.2003 08:19";"Dargestellt auf Grund der Periode 1929 bis 1939";Haupt-Bibliothek;"AG 103";"Zürich und St. Gallen";"Polygraphischer Verlag";1952;;YN;;;Wirtschaftswissenschaften;"Konjunkturschwankungen, Stabilitätspolitik";;"hsg duplicate";0991461;0135917
"Gutting Bernd";"Der Einfluss der Besteuerung auf die Entwicklung der Wohnungs- und Baulandmärkte";3.8204.9506.1;298;Druckerzeugnis;"05.12.2003 08:19";;Haupt-Bibliothek;"AJ 336";Frankfurt;"Peter Lang";1986;;YY;;;Wirtschaftswissenschaften;"Regionale Wirtschaftspolitik. Stadtplanung";;"hsg duplicate";0991465;0204778
"Lips Ferdinand";"Das Buch der Geldanlage";3.430.161193;238;Druckerzeugnis;10.12.2004;"Wie Vermögen erworben, erhalen, vermehrt und verloren wurden";Haupt-Bibliothek;"AH 188";Düsseldorf;"Econ Verlag";1981;;YV;;;Wirtschaftswissenschaften;"Arbeitnehmerfragen (Labor Economics)";;"hsg duplicate";0991467;0289191
"Weissen Beat";"Der Konjunkturartikel der Bundesverfassung und die öffentlichen Finanzen";"3 261 03070 4";287;Druckerzeugnis;05.12.2003;;Haupt-Bibliothek;"JD 127";Bern/Frankfurt;"Peter Lang";1982;;JD;;;"Allgemeine Steuerrechtsliteratur";"Grundsätze der Rechtsanwendung";;"hsg duplicate";0991469;0093201
"Kaiser Wolfgang A.";"Ausgewählte Indikatoren der Geld- und Fiskalpolitik";3.8204.6502.2;394;Druckerzeugnis;"05.12.2003 08:19";"Eine vergleichende theoretische und empirische Analyse für die Bundesrepublik Deutschland";Haupt-Bibliothek;"AC 215";Frankfurt;"Peter Lang";1979;;YL1;;;Wirtschaftswissenschaften;"Finanzwissenschaft. Betriebswirtschaftliche Steuerlehre";Allgemeines;"hsg duplicate";0991474;0291287
"Rühl Frank";"Die kleinen und mittleren Unternehmungen vor dem Problem der technischen Innovation";;37;Druckerzeugnis;20.04.2004;"Praktische Hinweise über Information, Forschung und Entwicklung";Separata;"WA Sep. 01";Zürich;"Vorort des Schweizerischen Handels- und Industrievereins";1981;;YP;;;Wirtschaftswissenschaften;"Allgemeine Betriebswirtschaftslehre";;"hsg duplicate";0991477;0262029
"Derlien Hans-Ulrich";"Die Erfolgskontrolle staatlicher Planung";3-7890-0208-9;192;Druckerzeugnis;"05.12.2003 08:19";"Eine empirische Untersuchung über Organisation, Methode und Politik der Programmevaluation";Haupt-Bibliothek;"EA 147";Baden-Baden;Nomos;1976;;YQ;;;Wirtschaftswissenschaften;"Spezielle Betriebswirtschaftslehren";;"hsg duplicate";0991479;0365110
"Mayntz Renate";"Bürokratische Organisation";;436;Druckerzeugnis;"05.12.2003 08:19";Soziologie;Haupt-Bibliothek;"EA 109";Köln;"Kiepenheuer & Witsch";1968;;YQ;;;Wirtschaftswissenschaften;"Spezielle Betriebswirtschaftslehren";;"hsg duplicate";0991483;0317288
"Ohr Renate";"Budgetpolitik in offenen Volkswirtschaften";3.428.06254.X;175;Druckerzeugnis;"05.12.2003 08:19";"Eine modelltheoretische Analyse ihrer binnen- und aussenwirtschaftlichen Wirkungen";Haupt-Bibliothek;"DA 161";Berlin;"Duncker & Humblot";1987;;YL2;YL7;;Wirtschaftswissenschaften;"Finanzwissenschaft. Betriebswirtschaftliche Steuerlehre";"Haushaltsaufstellung, -verwaltung und -kontrolle-	Finanzpolitik. Fiscal Policy. Finanzwirtschaft und Finanzpolitik einzelner Länder";"hsg duplicate";0991486;0003766
"Hesse Kurt";"Das System der Entwicklungshilfen";;435;Druckerzeugnis;06.09.2004;;Haupt-Bibliothek;"AK 0518";Berlin;"Duncker & Humblot";1969;;YM;;;Wirtschaftswissenschaften;"Internationaler Handel. Zahlungsbilanz und Wechselkurse";;"hsg duplicate";0991490;0319944
"Miebach Ralf";"Das Bankgeheimnis";3-452-24165-3;329;Druckerzeugnis;"05.12.2003 08:19";"Verfassungsrecht und § 30a AO Abhandlungen zum Steuer- und Abgabenrecht, Bd. 10";Haupt-Bibliothek;"MA 133";"Köln / Berlin / Bonn / München";"Carl Heymanns Verlag KG";1999;;MA;;;"Verfahrensrecht und Steuerstrafrecht";"Allgemeines Verfahrensrecht";;"hsg duplicate";0991495;0220857
"Parsche Rüdiger/Seidel Bernhard/u.a.";"Die Beseitigung von Steuergrenzen in der Europäischen Gemeinschaft";3.428.06387.2;461;Druckerzeugnis;"05.12.2003 08:19";"Vorteile und Probleme einer Harmonisierung von Mehrwertsteuer und Verbrauchsteuern im europäischen Binnenmarkt";Haupt-Bibliothek;"AK 1200";Berlin;"Duncker & Humblot";1988;;YC;;;Wirtschaftswissenschaften;"Wirtschaftstheorie, einschliesslich Geldtheorie";;"hsg duplicate";0991497;0009980
"Nitzan Shmuel/Paroush Jacob";"Collective Decision Making";0-521-30326-5;125;Druckerzeugnis;"05.12.2003 08:19";"An Economic Outlook";Haupt-Bibliothek;"AK 1134";Cambridge;"Cambridge University Press";1985;;YC;;;Wirtschaftswissenschaften;"Wirtschaftstheorie, einschliesslich Geldtheorie";;"hsg duplicate";0991503;0201940
"Gandenberger Otto";"Die Ausschreibung";;272;Druckerzeugnis;10.09.2003;"Organisierte Konkurrenz um öffentliche Aufträge, 'Veröffentlichungen des Forschungsinstituts für Wirtschaftspolitik a.d. Universität Mainz', Bd. 14";Haupt-Bibliothek;"BB 102";Heidelberg;"Quelle & Meyer";1961;;YL1;YR;;Wirtschaftswissenschaften;"Finanzwissenschaft. Betriebswirtschaftliche Steuerlehre-	Gewerbepolitik. Einzelne Wirtschaftszweige";Allgemeines;"hsg duplicate";0991510;0359589
"Walcher Frank";"Das Planungs- und Steuerungssystem der staatlichen Verkehrspolitik zur Regulierung der Verkehrsmärkte";3.428.04183.6;176;Druckerzeugnis;"05.12.2003 08:19";"Zur Legitimation und Effizienz verkehrspolitischer Massnahmen in einer Marktwirtschaft";Haupt-Bibliothek;"AJ 271";Berlin;"Duncker & Humblot";1978;;YY;;;Wirtschaftswissenschaften;"Regionale Wirtschaftspolitik. Stadtplanung";;"hsg duplicate";0991517;0328328
"Müller Johann Baptist";"Determinanten politischer Entscheidung";3.428.05780.5;155;Druckerzeugnis;"05.12.2003 08:19";;Haupt-Bibliothek;"AK 1122";Berlin;"Duncker & Humblot";1985;;YC;;;Wirtschaftswissenschaften;"Wirtschaftstheorie, einschliesslich Geldtheorie";;"hsg duplicate";0991523;0201837
"Kleinewefers Henner/Pfister Regula";"Die schweizerische Volkswirtschaft";3.7193.560.0;669;Druckerzeugnis;"05.12.2003 08:19";"Eine problemorientierte Einführung in die Volkswirtschaftslehre";Haupt-Bibliothek;"AA 263";Frauenfeld/Stuttgart;"Verlag Huber";1982;;YB;;;Wirtschaftswissenschaften;"Allgemeines. Methoden der W. Unterrichts- und Ausbildungsmethoden in den W., Wirtschaftspädagogik";;"hsg duplicate";0991534;0354598
"Ruedin J. L.";"Der Begriff des Eigentums im schweizerischen Steuerrecht - Zivilrechtliche Begriffe des Steuerrechts und wirtschaftliche Betrachtungsweise";;154;Druckerzeugnis;"05.12.2003 08:19";"Diss. der Uni Zürich";Haupt-Bibliothek;"JD 312";Aarau;"H. R. Sauerländer & Co.";1935;;JD;;;"Allgemeine Steuerrechtsliteratur";"Grundsätze der Rechtsanwendung";;"hsg duplicate";0991536;0162742
"Schmid Gustav";"Besteuerung und Selbstfinanzierung";;141;Druckerzeugnis;10.09.2003;"Dissertation der HSG, 1952";Haupt-Bibliothek;"CA 105";Interlaken;"Otto Schlaefli, Buch- und Kunstdruckerei AG";1952;;YL7;YL8;YL9;Wirtschaftswissenschaften;"Finanzwissenschaft. Betriebswirtschaftliche Steuerlehre";"Finanzpolitik. Fiscal Policy. Finanzwirtschaft und Finanzpolitik einzelner Länder-	Allgemeine Steuerlehre, Steuersystem einzelner Länder-	Betriebswirtschaftliche Steuerlehre";"hsg duplicate";0991540;0135867
"Schmitz Wolfgang";"Die antizyklische Konjunkturpolitik - Eine Illusion";3.7819.0171.8;232;Druckerzeugnis;"05.12.2003 08:19";"Grenzen der 'Machbarkeit' durch Globalsteuerung";Haupt-Bibliothek;"AG 271";"Frankfurt am Main";"Fritz Knapp Verlag";1976;;YN;;;Wirtschaftswissenschaften;"Konjunkturschwankungen, Stabilitätspolitik";;"hsg duplicate";0991545;0198795
"Herder-Dorneich Philipp";"Der Markt und seine Alternativen in der freien Gesellschaft";;132;Druckerzeugnis;31.03.2004;"Ökonomische Theorie des Pluralismus";Haupt-Bibliothek;"AK 0125";"Hannover, Wien";"J.H.W. Dietz, Herder";1968;;YC;;;Wirtschaftswissenschaften;"Wirtschaftstheorie, einschliesslich Geldtheorie";;"hsg duplicate";0991554;0324308
"Naschold Frieder";Systemsteuerung;;166;Druckerzeugnis;22.04.2004;"Einführung in die moderne politische Theorie";Haupt-Bibliothek;"WD 112";Stuttgart;"W. Kohlhammer Verlag";1969;;WD;;;"Uebrige Literatur";"Diverse Gebiete, Umweltschutz";;"hsg duplicate";0991558;0106799
"Expertengruppe Bundesrat";"Allgemeine Überprüfung der Bundessubventionen - Teil 2";;184;Druckerzeugnis;"05.12.2003 08:19";"Bericht der vom Bundesrat eingesetzten Expertengruppe";Haupt-Bibliothek;"BC 204 2";Bern;Maschinenschrift;1966;;YL7;;;Wirtschaftswissenschaften;"Finanzwissenschaft. Betriebswirtschaftliche Steuerlehre";"Finanzpolitik. Fiscal Policy. Finanzwirtschaft und Finanzpolitik einzelner Länder";"hsg duplicate";0991414;0356909;"Teil 2";"Bericht der vom Bundesrat eingesetzten Expertengruppe"
"Pyhrr Peter A.";"Zero-Base Budgeting";0-471-03721-4;190;Druckerzeugnis;08.01.2005;"A Practical Management Tool for Evaluating Expenses";Haupt-Bibliothek;"VB 157";"London/New York";"John Wiley & Sons";1973;;YL2;;;Wirtschaftswissenschaften;"Finanzwissenschaft. Betriebswirtschaftliche Steuerlehre";"Haushaltsaufstellung, -verwaltung und -kontrolle";"hsg duplicate";0991563;0259383
"Budischin Hans Jörg";"Die Formung der staatlichen Sozialpolitik in der Bundesrepublik Deutschland";3.428.03713.8;163;Druckerzeugnis;"05.12.2003 08:19";;Haupt-Bibliothek;"AF 144";Berlin;"Duncker & Humblot";1976;;YX;;;Wirtschaftswissenschaften;"Sozialpolitik. Gesundheitswesen. Bildungsökonomie";;"hsg duplicate";0991568;0348094
"Drake Alvin W./Keeney Ralph L./Morse Philip M.";"Analysis of Public Systems";0-262-0438-7;526;Druckerzeugnis;01.12.2004;;Haupt-Bibliothek;"EA 126";Cambridge;"The MIT Press";1972;;YQ;;;Wirtschaftswissenschaften;"Spezielle Betriebswirtschaftslehren";;"hsg duplicate";0991571;0323380
"Liedtke Udo";"Controlling und Informationstechnologie";3-8006-1554-1;227;Druckerzeugnis;16.11.2004;"Auswirkungen auf die organisatorische Gestaltung";Haupt-Bibliothek;"VE 142";München;"Franz Vahlen";1991;;YL2;;;Wirtschaftswissenschaften;"Finanzwissenschaft. Betriebswirtschaftliche Steuerlehre";"Haushaltsaufstellung, -verwaltung und -kontrolle";"hsg duplicate";0991574;0047430
"Baker R. J. S.";"Administrative Theory and Public Administration";"0 09 110680 x (cased) 0 09 110681 8 (paper)";200;Druckerzeugnis;"05.12.2003 08:19";"Head of the Unit for Management in Public Services, Sheffield Polytechnic";Haupt-Bibliothek;"EA 136";London;"Hutchinson & Co. Ltd.";1972;;YQ;;;Wirtschaftswissenschaften;"Spezielle Betriebswirtschaftslehren";;"hsg duplicate";0991578;0125482
"Stadtverwaltung St. Gallen";"Der Finanzhaushalt der Stadt St. Gallen 1948-1957";;64;Druckerzeugnis;10.09.2003;;Separata;"EC Sep. 04";"St. Gallen";;1958;;YL3;YQ;;Wirtschaftswissenschaften;"Finanzwissenschaft. Betriebswirtschaftliche Steuerlehre-	Spezielle Betriebswirtschaftslehren";"Finanzwirtschaft untergeordneter Gebietskörperschaften";"hsg duplicate";0991579;0355721
"Hächler Bruno/Weidmann Hans";"Das Rechnungswesen der schweizerischen PTT-Betriebe";;59;Druckerzeugnis;01.12.2004;;Haupt-Bibliothek;"EA 122";Bern;"Paul Haupt";1963;;YQ;;;Wirtschaftswissenschaften;"Spezielle Betriebswirtschaftslehren";;"hsg duplicate";0991580;0534722
"Kalmbach Peter";"Der neue Monetarismus";3.485.03212.3;295;Druckerzeugnis;"05.12.2003 08:19";"Zwölf Aufsätze mit 9 Tabellen und 14 Diagrammen";Haupt-Bibliothek;"AK 0249";München;"Nymphenburger Verlagshandlung";1973;;YK;;;Wirtschaftswissenschaften;"Geld, Kredit- und Bankwesen. Bankbetriebslehre";;"hsg duplicate";0991583;0198553
"Menz Leo";"Der tertiäre Sektor. Der Dienstleistungsbereich in den modernen Volkswirtschaften";;234;Druckerzeugnis;31.03.2004;"Dissertation der HSG, Nr. 195, 1965";Haupt-Bibliothek;"AK 0112";Zürich;"Polygraphischer Verlag AG";1965;;YC;;;Wirtschaftswissenschaften;"Wirtschaftstheorie, einschliesslich Geldtheorie";;"hsg duplicate";0991589;0062284
"Eidg. Kommission für die Gesamtenergiekonzeption (GEK)";"Das schweizerische Energiekonzept.  Szenarien einer künftigen schweizerischen Energiepolitik - Verfassungsartikel Ja oder Nein?";;503;Druckerzeugnis;"05.12.2003 08:19";"Schlussbericht Band II";Haupt-Bibliothek;"AG 280 II";Bern;"Eidg. Drucksachen- und Materialzentrale";1978;;YN;;;Wirtschaftswissenschaften;"Konjunkturschwankungen, Stabilitätspolitik";;"hsg duplicate";0991643;0357166
EG-Kommission;"Die neue Partnerschaft";92.825.9749.0;72;Druckerzeugnis;"05.12.2003 08:19";;Haupt-Bibliothek;"AF 230";Lumxembourg;EG;1989;;YX;;;Wirtschaftswissenschaften;"Sozialpolitik. Gesundheitswesen. Bildungsökonomie";;"hsg duplicate";0991595;0041985
"Kraehe Jeannette";"Die Mittelstandsholding in Deutschland";3.8244.6045.9;440;Druckerzeugnis;"05.12.2003 08:19";"Ein Führungs- und Organisationskonzept für mittelgrosse Unternehmen Diss. Nr. 1552 der HSG";Haupt-Bibliothek;"WA 351";Wiesbaden;Gabler;1994;;YP;;;Wirtschaftswissenschaften;"Allgemeine Betriebswirtschaftslehre";;"hsg duplicate";0991597;0074929
"Reding Kurt";"Die Effizienz staatlicher Aktivitäten";3-7890-0605-X;228;Druckerzeugnis;"05.12.2003 08:19";"Probleme ihrer Messung und Kontrolle";Haupt-Bibliothek;"EG 126";Baden-Baden;Nomos;1981;;YQ;;;Wirtschaftswissenschaften;"Spezielle Betriebswirtschaftslehren";;"hsg duplicate";0991604;0204726
"Brüngger Heinrich";"Die Nutzen-Kosten-Analyse als Instrument der Planung im Gesundheitswesen";3.7255.1585.9;228;Druckerzeugnis;"05.12.2003 08:19";"Basler Dissertation, 1974";Haupt-Bibliothek;"BG 126";Zürich;"Schulthess Polygraphischer Verlag";1974;;YL7;;;Wirtschaftswissenschaften;"Finanzwissenschaft. Betriebswirtschaftliche Steuerlehre";"Finanzpolitik. Fiscal Policy. Finanzwirtschaft und Finanzpolitik einzelner Länder";"hsg duplicate";0991609;0362950
"Nelson Richard R./Winter Sidney G.";"An Evolutionary Theory of Economic Change";"0.674.27227.7 0.674.27228.5";414;Druckerzeugnis;01.12.2004;;Haupt-Bibliothek;"AK 1145";Cambridge;"Harvard University Press";1982;;YC;;;Wirtschaftswissenschaften;"Wirtschaftstheorie, einschliesslich Geldtheorie";;"hsg duplicate";0991613;0198837
"Koslowski Peter/Kreuzer Philipp/andere";"Chancen und Grenzen des Sozialstaats";3.16.344712.0;257;Druckerzeugnis;01.12.2004;"Staatstheorie, Politische Ökonomie, Politik";Haupt-Bibliothek;"AF 200";Tübingen;"J. C. B. Mohr (Paul Siebeck)";1983;;YX;;;Wirtschaftswissenschaften;"Sozialpolitik. Gesundheitswesen. Bildungsökonomie";;"hsg duplicate";0991615;0204744
"Stegmüller Wolfgang";"Das ABC der modernen Logik und Semantik";;153;Druckerzeugnis;22.04.2004;"Der Begriff der Erklärung und seine Spielarten";Haupt-Bibliothek;"WD 115";"Berlin, Heidelberg, New York";"Springer Verlag";1969;;WD;;;"Uebrige Literatur";"Diverse Gebiete, Umweltschutz";;"hsg duplicate";0991616;0245217
"Bodenhöfer Hans-Joachim";"Arbeitsmobilität und regionales Wachstum";;191;Druckerzeugnis;"05.12.2003 08:19";"Ein Beitrag zur Strukturanalyse von Wachstumsprozessen";Haupt-Bibliothek;"AJ 170";Berlin;"Duncker & Humblot";1969;;YY;;;Wirtschaftswissenschaften;"Regionale Wirtschaftspolitik. Stadtplanung";;"hsg duplicate";0991623;0307719
"Amonn Toni";"Besteuerung von Zweitwohnungen";"3 7242 1161 9";237;Druckerzeugnis;"05.12.2003 08:19";"Diss. der Uni Bern";Haupt-Bibliothek;"PR 206";Therwil;"Verlag für Recht und Gesellschaft AG";1997;;PR;;;"Einkommen- und Vermögensteuern, Ertrag- und Kapitalsteuern";"Uebrige direkte Steuern";;"hsg duplicate";0991633;0157525
"Locher Peter.";"Die Ehegatten im Steuerrecht";"3 258 04186 5";137-161;Druckerzeugnis;"05.12.2003 08:19";"In: Höhn, Ernst & Vallender, Klaus A., (Hrsg.): Steuerrecht im Rechtsstaat - Festschrift für Prof. Dr. Francis Cagianut zum 65. Geburtstag";Haupt-Bibliothek;-;Bern/Stuttgart;"Paul Haupt";-;;OC;;;"Grundbegriffe und Geschichte der Steuern";Steuersubjekt;;"hsg duplicate";0991634;0657079
"Lutzky Nikolai/Kille Elke/u.a.";"Die Schweizer Stadt im internationalen Spannungsfeld";3.907118.07.3;123;Druckerzeugnis;"05.12.2003 08:19";"Einflusslinien und Handlungsspielräume";Haupt-Bibliothek;"AJ 371";Zürich;"NFP 'Stadt und Verkehr'";1992;;YY;;;Wirtschaftswissenschaften;"Regionale Wirtschaftspolitik. Stadtplanung";;"hsg duplicate";0991636;0053225
"Höltschi René/Rockstroh Christian";"Die Phasen einer Wachstumswelle";;76;Druckerzeugnis;01.12.2004;"Zur langfristigen wirtschaftlichen Entwicklung der Nachkriegszeit in den USA, der BRD und der Schweiz";Haupt-Bibliothek;"AG 395";"St. Gallen";"Forschungsgemeinschaft für Nationalökonomie";1988;;YN;;;Wirtschaftswissenschaften;"Konjunkturschwankungen, Stabilitätspolitik";;"hsg duplicate";0991637;0012456
"Ernst Mario";"Demokratische Wirtschaftspolitik Ein kommunikationsorientierter Ansatz Politischer Ökonomie";;172;Druckerzeugnis;"05.12.2003 08:19";"Dissertation der HSG, Nr. 946, 1986";Haupt-Bibliothek;"AK 1135";Bern;"Peter Lang";1986;;YC;;;Wirtschaftswissenschaften;"Wirtschaftstheorie, einschliesslich Geldtheorie";;"hsg duplicate";0991642;0023352
"Eidg. Kommission für die Gesamtenergiekonzeption (GEK)";"Das schweizerische Energiekonzept. Zusammenfassung";;136;Druckerzeugnis;"05.12.2003 08:19";;Haupt-Bibliothek;"AG 280 V";Bern;"Eidg. Drucksachen- und Materialzentrale";1978;;YN;;;Wirtschaftswissenschaften;"Konjunkturschwankungen, Stabilitätspolitik";;"hsg duplicate";0991643;0357166
"Wittmann Walter";"Die Finanzgesinnung des Bundes im Lichte der parlamentarischen Beratungen: Von der Weltwirtschaftskrise bis zur Gegenwart";;165;Druckerzeugnis;"05.12.2003 08:19";;Haupt-Bibliothek;"AD 105";Zürich;"Polygraphischer Verlag AG";1969;;YL1;;;Wirtschaftswissenschaften;"Finanzwissenschaft. Betriebswirtschaftliche Steuerlehre";Allgemeines;"hsg duplicate";0991646;0360458
"Hansmeyer Karl-Heinrich/Fürst Dietrich";"Die Gebühren";;147;Druckerzeugnis;10.09.2003;"Zur Theorie eines Instrumentariums der Nachfragelenkung bei öffentlichen Leistungen";Haupt-Bibliothek;"CB 101";Stuttgart;"W. Kohlhammer Verlag";1968;;YL7;YL8;;Wirtschaftswissenschaften;"Finanzwissenschaft. Betriebswirtschaftliche Steuerlehre";"Finanzpolitik. Fiscal Policy. Finanzwirtschaft und Finanzpolitik einzelner Länder-	Allgemeine Steuerlehre, Steuersystem einzelner Länder";"hsg duplicate";0991648;0359918
"Kleiner Jean-Claude";"Aufbruch zu einem ganzheitlichen Personalwesen";;387;Druckerzeugnis;"05.12.2003 08:19";"Von einer mechanischen zu einer organismischen Betrachtung von Mensch, Unternehmung und Umwelt, Diss. Nr. 1355 der HSG";Haupt-Bibliothek;"WA 335";Hallstadt;Rosch-Buch-Team;1992;;YP;;;Wirtschaftswissenschaften;"Allgemeine Betriebswirtschaftslehre";;"hsg duplicate";0991663;0051489
"Gramlich Edward M.";"Benefit-Cost Analysis of Government Programs";0.13.074757.2;265;Druckerzeugnis;"05.12.2003 08:19";;Haupt-Bibliothek;"BG 131";"Englewood Cliffs";Prentice-Hall;1981;;YL7;;;Wirtschaftswissenschaften;"Finanzwissenschaft. Betriebswirtschaftliche Steuerlehre";"Finanzpolitik. Fiscal Policy. Finanzwirtschaft und Finanzpolitik einzelner Länder";"hsg duplicate";0991664;0348427
"Jöhr Walter Adolf";"Die Konjunkturschwankungen";;660;Druckerzeugnis;"05.12.2003 08:19";;Haupt-Bibliothek;"AG 106";"Tübingen und Zürich";"J.C.B. Mohr und Polygraphischer Verlag AG";1952;;YN;;;Wirtschaftswissenschaften;"Konjunkturschwankungen, Stabilitätspolitik";;"hsg duplicate";0991667;0451565
EG-Kommission;"Die Lage der Landwirtschaft in der Gemeinschaft Bericht 1988";92.825.9082.8;299;Druckerzeugnis;"05.12.2003 08:19";"Im Zusammenhang mit dem 'Zweiundzwanzigsten Gesamtbericht über die Tätigkeit der Europäischen Gemeinschaften' veröffentlichter Bericht";Haupt-Bibliothek;"FB 167";Brüssel/Luxemburg;EG;1989;;YL5;YM;;Wirtschaftswissenschaften;"Finanzwissenschaft. Betriebswirtschaftliche Steuerlehre-	Internationaler Handel. Zahlungsbilanz und Wechselkurse";"Finanzwirtschaft supranationaler Behörden";"hsg duplicate";0991669;0020486
"Hicks Ursula K.";"Development Finance Planning and Control";;182;Druckerzeugnis;06.09.2004;;Haupt-Bibliothek;"AK 0525";Oxford;"Clarendon Press";1965;;YM;;;Wirtschaftswissenschaften;"Internationaler Handel. Zahlungsbilanz und Wechselkurse";;"hsg duplicate";0991672;0361292
"Mann Fritz Karl";"Der Sinn der Finanzwirtschaft";3.16.340402.2;141;Druckerzeugnis;"05.12.2003 08:19";;Haupt-Bibliothek;"AC 213";Tübingen;"J.C.B.Mohr (Paul Siebeck)";1978;;YL1;;;Wirtschaftswissenschaften;"Finanzwissenschaft. Betriebswirtschaftliche Steuerlehre";Allgemeines;"hsg duplicate";0991673;0364383
"Vontobel Hans-Dieter/Morscher Lukas";"Wettbewerb als Chance  Anstösse zur Reform des Finanzplatzes Schweiz";;260;Druckerzeugnis;03.03.2004;;Haupt-Bibliothek;"TA 192";Zürich;NZZ;1992;;TA;;;"Finanz- und Steuerpolitik (Finanzreform)";Bund;;"hsg duplicate";0991674;0485507
"Debatin Helmut";"Analysis of the German Tax System";;295;Druckerzeugnis;"05.12.2003 08:19";"Reprinted from Tax Treaty Guides, Vol. I";Haupt-Bibliothek;"KB 108";Amsterdam;IBFD;1969;;KB;;;"Ausländisches Steuerrecht";Deutschland;;"hsg duplicate";0991678;0125465
"Letsch Hans";"Soziale Marktwirtschaft als Chance";;238;Druckerzeugnis;"03.03.2004 12:18";"Die Schweiz auf dem Prüfstand";Haupt-Bibliothek;"AG 403 1";Aarau;Sauerländer;1992;;YN;;;Wirtschaftswissenschaften;"Konjunkturschwankungen, Stabilitätspolitik";;"hsg duplicate";0994881;0050327
"Abrahamsen Yngve";"Arbeitsmarkttheorie-Arbeitsmarktpolitik und Beschäftigung in der Schweiz";3.7253.0267.7;349;Druckerzeugnis;"05.12.2003 08:19";;Haupt-Bibliothek;"AG 405";Grüsch;Rüegger;1986;;YN;;;Wirtschaftswissenschaften;"Konjunkturschwankungen, Stabilitätspolitik";;"hsg duplicate";0991693;0202136
"Ziegelschmidt Helmut";"Die Beurteilung öffentlicher Investitionen unter Unsicherheit";;229;Druckerzeugnis;"05.12.2003 08:19";"Dissertation der Johann Wolfgang Goethe-Univesität zu Frankfurt/Main";Haupt-Bibliothek;"AG 252";;Offset;1976;;YN;;;Wirtschaftswissenschaften;"Konjunkturschwankungen, Stabilitätspolitik";;"hsg duplicate";0991697;0364367
"Kissling Hans";"Die Umverteilung bestehender Vermögenswerte als Mittel der Vermögenspolitik";;179;Druckerzeugnis;10.12.2004;"Dissertation der Universität Zürich";Haupt-Bibliothek;"AH 128";Zürich;"Druck Ropress";1973;;YV;;;Wirtschaftswissenschaften;"Arbeitnehmerfragen (Labor Economics)";;"hsg duplicate";0991698;0362641
"Juen Christoph";"Die Theorie des sektoralen Strukturwandels. Konzeptionelle Grundlegungen-Probleme und neuere theoretische Ansätze zur Erklärung des sektoralen Strukturwandels";;509;Druckerzeugnis;"05.12.2003 08:19";"Dissertation der Hochschule St. Gallen Nr. 867";Haupt-Bibliothek;"AG 353";Bern;"Peter Lang";1982;;YN;;;Wirtschaftswissenschaften;"Konjunkturschwankungen, Stabilitätspolitik";;"hsg duplicate";0991702;0023407
"Ritzmann Franz";"Die Schweizer Banken Geschichte - Theorie - Statistik";3.258.02038.8;373;Druckerzeugnis;06.09.2004;"Habilitation der Uni Zürich, 1973";Haupt-Bibliothek;"AK 0246";"Bern und Stuttgart";"Verlag Paul Haupt";1973;;YK;;;Wirtschaftswissenschaften;"Geld, Kredit- und Bankwesen. Bankbetriebslehre";;"hsg duplicate";0991705;0198545
"Christoffel Markus";"Die industrielle Ballung in der Schweiz (Untersuchung über die Standortwahl schweizerischer Industrieunternehmungen seit 1952)";;152;Druckerzeugnis;"05.12.2003 08:19";"Dissertation der Hochschule St. Gallen- Nr. 232";Haupt-Bibliothek;"AJ 113";Thusis;"Buchdruckerei Roth AG";1967;;YY;;;Wirtschaftswissenschaften;"Regionale Wirtschaftspolitik. Stadtplanung";;"hsg duplicate";0991707;0062283
"Littmann Konrad";"Definition und Entwicklung der Staatsquote";3.509.00804.9;187;Druckerzeugnis;"05.12.2003 08:19";"- Abgrenzung, Aussagekraft und Anwendungsbereiche unterschiedlicher Typen von Staatsquoten -";Haupt-Bibliothek;"AC 182";Göttingen;"Verlag Otto Schwatz & Co.";1975;;YL1;;;Wirtschaftswissenschaften;"Finanzwissenschaft. Betriebswirtschaftliche Steuerlehre";Allgemeines;"hsg duplicate";0991712;0363488
"Abraham Neville";"Big Business and Government";"SBN 333.14941.6";333;Druckerzeugnis;22.04.2004;"The new Disorder";Haupt-Bibliothek;"WD 132";London;"Macmillan Press Ltd.";1974;;WD;;;"Uebrige Literatur";"Diverse Gebiete, Umweltschutz";;"hsg duplicate";0991715;0123760
"Feldstein Martin";"Behavioral Simulation Methods in Tax Policy Analysis";0.226.24084.3;498;Druckerzeugnis;"05.12.2003 08:19";;Haupt-Bibliothek;"AC 267";Chicago;"University of Chicago Press";1983;;YL1;;;Wirtschaftswissenschaften;"Finanzwissenschaft. Betriebswirtschaftliche Steuerlehre";Allgemeines;"hsg duplicate";0991716;0347803
"Sprecher Theophil";"Das Bundesfinanzreferendum";;245;Druckerzeugnis;"05.12.2003 08:19";"Dissertation der Universität Zürich, 1960";Haupt-Bibliothek;"GB 107";Chur;"Buchdruckerei AG / Bündner Tagblatt";1960;;GB;;;Finanzrecht;Finanzreferendum;;"hsg duplicate";0991721;0105729
"Haller Heinz";"Besteuerung und Wirtschaftswachstum";;3.16.331261.6;Druckerzeugnis;"05.12.2003 08:19";;Haupt-Bibliothek;"AG 192";Tübingen;"J.C.B. Mohr (Paul Siebeck)";1970;;YN;;;Wirtschaftswissenschaften;"Konjunkturschwankungen, Stabilitätspolitik";;"hsg duplicate";0991723;0360769
"Eidg. Kommission für die Gesamtenergiekonzeption (GEK)";"Das schweizerische Energiekonzept.  Katalog denkbarer energiepolitischer Massnahmen";;389;Druckerzeugnis;"05.12.2003 08:19";"Beilage Nr. 2 zum Schlussbericht GEK";Haupt-Bibliothek;"AG 280 IV";Bern;"Eidg. Drucksachen- und Materialzentrale";1978;;YN;;;Wirtschaftswissenschaften;"Konjunkturschwankungen, Stabilitätspolitik";;"hsg duplicate";0991643;0357166
"United Nations";"A manual for programme and performance budgeting";;101;Druckerzeugnis;"05.12.2003 08:19";"Department of Economic and Social Affairs";Haupt-Bibliothek;"VA 113";"New York";"United Nation Publication";1965;;YL2;;;Wirtschaftswissenschaften;"Finanzwissenschaft. Betriebswirtschaftliche Steuerlehre";"Haushaltsaufstellung, -verwaltung und -kontrolle";"hsg duplicate";0991726;0360649
"Studer Walter";"Bilanzsteuerrecht  (Das schweizerische Bilanzsteuerrecht)";;212;Druckerzeugnis;"03.03.2004 12:27";"Die eidgenössischen Steuern, Zölle und Abgaben- Bd. 7";Haupt-Bibliothek;"PE 0322";Basel;"Verlag für Recht und Gesellschaft AG";1968;;PE;;;"Einkommen- und Vermögensteuern, Ertrag- und Kapitalsteuern";"Einkommen Selbständigerwerbender, Unternehmungsbesteuerung";;"hsg duplicate";0991733;0126467;;"Die eidgenössischen Steuern, Zölle und Abgaben- Bd. 7"
"Krüger Rolf";"Die Koordination von gesamtwirtschaftlicher-regionaler und lokaler Planung";;186;Druckerzeugnis;"05.12.2003 08:19";"Gedanken zur Einordnung regionaler und lokaler Planung und Politik in die nationale Wirtschaftspolitik";Haupt-Bibliothek;"AJ 167";Berlin;"Duncker & Humblot";1969;;YY;;;Wirtschaftswissenschaften;"Regionale Wirtschaftspolitik. Stadtplanung";;"hsg duplicate";0991734;0319908
"Engels Wolfram/Sablotny Herbert/Zickler Dieter";"Das Volksvermögen - Seine verteilungs- und wohlstandspolitische Bedeutung";3.585.32100.3;178;Druckerzeugnis;01.12.2004;;Haupt-Bibliothek;"AH 169";Frankfurt;"Herder & Herder";1974;;YV;;;Wirtschaftswissenschaften;"Arbeitnehmerfragen (Labor Economics)";;"hsg duplicate";0991736;0344935
"Diem Markus";"Die Beschäftigungssituation der Neuabsolventinnen und Neuabsolventen der Schweizer Hochschulen 1993";;132;Druckerzeugnis;"05.12.2003 08:19";;Haupt-Bibliothek;"EJ 124";Bern;"Bundesamt für Bildung und Wissenschaft";1994;;YQ;;;Wirtschaftswissenschaften;"Spezielle Betriebswirtschaftslehren";;"hsg duplicate";0991410;0726493
"Ordeshook Peter C.";"A Political Theory Primer";"0.415.90240.1 0.415.90241.X";319;Druckerzeugnis;"05.12.2003 08:19";;Haupt-Bibliothek;"AK 1206";"New York";Routledge;1992;;YC;;;Wirtschaftswissenschaften;"Wirtschaftstheorie, einschliesslich Geldtheorie";;"hsg duplicate";0991741;0073294
"Bosshardt Oskar";"Die neue zürcherische Einkommens- und Vermögenssteuer";;302;Druckerzeugnis;05.12.2003;;Haupt-Bibliothek;"JC 201";Zürich;"Orell Füssli Verlag";1952;;JC;;;"Allgemeine Steuerrechtsliteratur";"Schweizerische Kommentare und Handbücher";;"hsg duplicate";0991742;0099554
"Groth Klaus-Martin";"Die Krise der Staatsfinanzen";3.518.10918.9;265;Druckerzeugnis;"05.12.2003 08:19";"Systematische Überlegungen zur Krise des Steuerstaates";Haupt-Bibliothek;"AC 204";"Frankfurt am Main";"Suhrkamp Verlag";1978;;YL1;;;Wirtschaftswissenschaften;"Finanzwissenschaft. Betriebswirtschaftliche Steuerlehre";Allgemeines;"hsg duplicate";0991749;0362318
"Price Waterhouse";"Corporate Taxes 1997 A Worldwide Summary";-;720;Druckerzeugnis;"05.12.2003 08:19";;Haupt-Bibliothek;"PK 150 1";"New York";"Price Waterhouse World Firm Services BV";1997;;PK;;;"Einkommen- und Vermögensteuern, Ertrag- und Kapitalsteuern";"Besteuerung juristischer Personen, Kapitalgesellschaften";;"hsg duplicate";0991751;0078246
"Sieber Hans";"Die realen Austauschverhältnisse zwischen Entwicklungsländern und Industriestaaten";;169;Druckerzeugnis;06.09.2004;"Dissertation der HSG, Nr. 265, 1968";Haupt-Bibliothek;"AK 0506";"Tübingen / Zürich";"J.C.B. Mohr (Paul Siebeck) / Polygraphischer Verlag AG";1968;;YM;;;Wirtschaftswissenschaften;"Internationaler Handel. Zahlungsbilanz und Wechselkurse";;"hsg duplicate";0991752;0081634
"Saxer Arnold";"Die Soziale Sicherheit in der Schweiz";;222;Druckerzeugnis;"05.12.2003 08:19";"Eine Darstellung der Entstehung, des Aufbaus und des gegewärtigen Standes aller Zweige der Sozialen Sicherheit";Haupt-Bibliothek;"AF 132";Bern;"Paul Haupt";1963;;YX;;;Wirtschaftswissenschaften;"Sozialpolitik. Gesundheitswesen. Bildungsökonomie";;"hsg duplicate";0991753;0162431
"Höhn Ernst";"Allgemeines und schweizerisches Steuerrecht - Vorlesung- Beispiele und Fragen";;;Druckerzeugnis;11.11.2003;;Haupt-Bibliothek;"JA 110";St.Gallen;"Studentenschaft HSG";1970;;JA;;;"Allgemeine Steuerrechtsliteratur";"Allgemeines, Lehrbücher";;"hsg duplicate";0991763;0125649
"Baudenbacher Carl";"Aktuelle Probleme des Europäischen und Internationalen Wirtschaftsrechts";3-472-03768-7;597;Druckerzeugnis;"05.12.2003 08:19";"Band 2 / 1999";Haupt-Bibliothek;"WC 231 2";"Neuwied, Kriftel";"Hermann Luchterhand Verlag GmbH";1999;;WC;;;"Uebrige Literatur";Privatrecht;;"hsg duplicate";0991280;0165698;"Band 2 / 1999"
"Guyer Philipp";"Der 'Non-Market-Clearing'-Ansatz der Ungleichgewichtstheorie und seine Anwendung auf das keynesianische makroökonomische Standardmodell";;282;Druckerzeugnis;"05.12.2003 08:19";"Dissertation der HSG, Nr. 814, 1981";Haupt-Bibliothek;"AK 1060";"St. Gallen";"Verlag Wilhelm Surbir";1981;;YC;;;Wirtschaftswissenschaften;"Wirtschaftstheorie, einschliesslich Geldtheorie";;"hsg duplicate";0991766;0039574
"Schulz Hermann";"Das System und die Prinzipien der Einkünfte im werdenden Staat der Neuzeit";3.428.05144.0;404;Druckerzeugnis;10.09.2003;"dargestellt anhand der kameralwissenschaftlichen Literatur (1600-1835)";Haupt-Bibliothek;"CA 217";Berlin;"Duncker & Humblot";1982;;YL7;YL8;YL9;Wirtschaftswissenschaften;"Finanzwissenschaft. Betriebswirtschaftliche Steuerlehre";"Finanzpolitik. Fiscal Policy. Finanzwirtschaft und Finanzpolitik einzelner Länder-	Allgemeine Steuerlehre, Steuersystem einzelner Länder-	Betriebswirtschaftliche Steuerlehre";"hsg duplicate";0991769;0084133
OECD;"The Relationship between Taxation and Financial Reporting / Relations entre Fiscalité et Comptabilité";92-64-02938-9;143;Druckerzeugnis;"03.03.2004 14:03";"Income Tax Accounting / Comptabilisation de L'Impôt sur les Bénéfices- No. 3";Haupt-Bibliothek;"PE 1016";Paris;OECD;1987;;PE;;;"Einkommen- und Vermögensteuern, Ertrag- und Kapitalsteuern";"Einkommen Selbständigerwerbender, Unternehmungsbesteuerung";;"hsg duplicate";0991771;0003603
