"﻿Hunkeler Urs";"Zur Belastung der Klein- und Mittelbetriebe durch staatliche Regelungen - Untersuchung der administrativen Auflagen in der Schweiz";;261;Druckerzeugnis;"05.12.2003 08:38";"Dissertation der HSG, Nr. 947, 1985";Haupt-Bibliothek;"AK 0461";Bamberg;Difo-Druck;1985;;YB;;;Wirtschaftswissenschaften;"Allgemeines. Methoden der W. Unterrichts- und Ausbildungsmethoden in den W., Wirtschaftspädagogik";;;;;bestcase;0102991
"Pozzi Leone";"Trattato di ragioneria pubblica";;104;Druckerzeugnis;08.01.2005;"Appendice per l'anno 1965";Haupt-Bibliothek;"VA 110";Faenza;"Fratelli Lega, Editori Faenza";1965;;YL2;;;Wirtschaftswissenschaften;"Finanzwissenschaft. Betriebswirtschaftliche Steuerlehre";"Haushaltsaufstellung, -verwaltung und -kontrolle";;;;leave;0996390
"Lewis Stephen R., Jr.";"Taxation for Development Principles and Applications";0.19.503052.4;300;Druckerzeugnis;06.09.2004;;Haupt-Bibliothek;"AK 0555";"New York, Oxford";"Oxford University Press";1984;;YM;;;Wirtschaftswissenschaften;"Internationaler Handel. Zahlungsbilanz und Wechselkurse";;;;;replacefromSwissbib;0996391;148865046
"Röpke Jochen";"Zur Stabilität und Evolution marktwirtschaftlicher Systeme aus klassischer Sicht";"3.16.343161.5 3.16.343162.3";124-154;Druckerzeugnis;"05.12.2003 08:38";"In: Streissler Erich/Watrin Christian (Hrsg.): Zur Theorie marktwirtschaftlicher Ordnungen";Haupt-Bibliothek;-;Tübingen;"J. C. B. Mohr (Paul Siebeck)";-;;YC;;;Wirtschaftswissenschaften;"Wirtschaftstheorie, einschliesslich Geldtheorie";;;;;leave;0996392
EG-Kommission;"Vorschlag für eine Richtlinie des Rates über die Auftragsvergabe durch Unternehmen im Telekommunikationssektor";92.77.40436.1;42;Druckerzeugnis;"05.12.2003 08:38";"(von der Kommission vorgelegt)";Haupt-Bibliothek;"FB 162";Brüssel;EG;1988;;YL5;YM;;Wirtschaftswissenschaften;"Finanzwissenschaft. Betriebswirtschaftliche Steuerlehre-	Internationaler Handel. Zahlungsbilanz und Wechselkurse";"Finanzwirtschaft supranationaler Behörden";;;;leave;0996393
"Jochimsen Reimut/Treuner Peter";"Zentrale Orte in ländlichen Räumen unter besonderer Berücksichtigung der Möglichkeiten der Schaffung zusätzlicher ausserlandwirtschaftlicher Arbeitsplätze";;181;Druckerzeugnis;01.12.2004;"Forschungsbericht erstellt im Auftrag des Bundesministers des Innern";Haupt-Bibliothek;"AJ 118";"Bad Godesburg";"Selbstverlag der Bundesanstalt für Landeskunde und Raumforschung";1967;;YY;;;Wirtschaftswissenschaften;"Regionale Wirtschaftspolitik. Stadtplanung";;;;;replacefromSwissbib;0996394;298388871
"Kershaw Joseph A.";"The War against Poverty";;9;Druckerzeugnis;20.04.2004;"Highlights of government against poverty";Separata;"AK Sep. 502";"Washington DC";"The Brookings Institution";1970;;YM;;;Wirtschaftswissenschaften;"Internationaler Handel. Zahlungsbilanz und Wechselkurse";;;;;leave;0996395
"Hodgkinson Christopher";"Toward a Philosophy of Administation";0-631-19110-0;222;Druckerzeugnis;"05.12.2003 08:38";;Haupt-Bibliothek;"EA 183";Oxford;"Basil Blackwell";1978;;YQ;;;Wirtschaftswissenschaften;"Spezielle Betriebswirtschaftslehren";;;;;leave;0996396
"Bohley Peter/Tolkemitt Georg";"Wirtschaftswissenschaft als Grundlage staatlichen Handelns";3.16.341642.X;574;Druckerzeugnis;"05.12.2003 08:38";"Festschrift zum 65. Geburtstag von Heinz Haller";Haupt-Bibliothek;"AA 277";Tübingen;"J.C.B.Mohr (Paul Siebeck)";1979;;YB;;;Wirtschaftswissenschaften;"Allgemeines. Methoden der W. Unterrichts- und Ausbildungsmethoden in den W., Wirtschaftspädagogik";;;;;HSB01duplicate;0996397;0133682
"Henderson William L.";"Urban Economics: Processes and Problems";0.471.37044.4;211;Druckerzeugnis;"05.12.2003 08:38";;Haupt-Bibliothek;"AC 161";"New York";"John Wiley & Sons Inc.";1972;;YL1;;;Wirtschaftswissenschaften;"Finanzwissenschaft. Betriebswirtschaftliche Steuerlehre";Allgemeines;;;;leave;0996398
"Solow R.";"Science and Ideology in Economics";"0-8014-9860-0 (paperback) 0-8014-0914-4 (cloth)";67-79;Druckerzeugnis;"05.12.2003 08:38";"In: Amacher-Ryan C- Tollison-Robert D: The Economic Approach to Public Policy";Haupt-Bibliothek;-;London;"Cornell University Press";-;;YQ;;;Wirtschaftswissenschaften;"Spezielle Betriebswirtschaftslehren";;;;;leave;0996399
"Breton Albert/Scott Anthony";"The economic constitution of federal states";0.8020.5410.2;156;Druckerzeugnis;"05.12.2003 08:38";;Haupt-Bibliothek;"AK 0424";London;"University of Toronto Press";1978;;YB;;;Wirtschaftswissenschaften;"Allgemeines. Methoden der W. Unterrichts- und Ausbildungsmethoden in den W., Wirtschaftspädagogik";;;;;HSB01duplicate;0996400;0200343
"Jacobs Otto H.";"Unternehmensbesteuerung und Rechtsform";"3 406 39391 8";588;Druckerzeugnis;"05.12.2003 08:38";"Handbuch zur Besteuerung deutscher Unternehmen - topaktuell: bereits mit der HGB-Reform und dem Umwandlungssteuererlass - 2. A.";Haupt-Bibliothek;"LD 174";München;"C.H. Beck'sche Verlagsbuchhandlung";1998;;LD;;;"Interkantonales/Internationales Steuerrecht";Deutschland;;;;;replacefromSwissbib;0996401;152764593
"Palumbo Dennis J.";"The Politics of Program Evaluation";"0-8039-2736-3 0-8039-2737-2 (pbk.)";296;Druckerzeugnis;"05.12.2003 08:38";"Reihe: Sage Yearbooks in Politics and Public Policy, Bd. 15";Haupt-Bibliothek;"EG 131";"Newbury Park und andere";"Sage Publications";1987;;YQ;;;Wirtschaftswissenschaften;"Spezielle Betriebswirtschaftslehren";;;;;replacefromSwissbib;0996402;267288476
IFA;"The influence of corporate law and accounting principles in determining taxable income";"90 411 0477 1";64;Druckerzeugnis;"05.12.2003 08:38";"Proceedings of a Seminar held in Geneva in 1996 during the 50th Congress of the International Fiscal Association IFA Congress Seminar Series, vol. 21b";Haupt-Bibliothek;"KA 311";"The Hague/London/Boston";"Kluwer Law International";1997;;KA;;;"Ausländisches Steuerrecht";"Staatenverbände, Staatengruppen";;;;;bestcase;0155921
IFF;"Weiterbildungsseminar im Steuerrecht für Kaderkräfte - 14.-16.4.1986";-;-;Druckerzeugnis;"05.12.2003 08:38";Seminarunterlagen;Haupt-Bibliothek;"JA 168";St.Gallen;IFF;1986;;JA;;;"Allgemeine Steuerrechtsliteratur";"Allgemeines, Lehrbücher";;;;;leave;0996403
"Seewer Ulrich";"Probleme und Chancen des New Public Management";3-258-05255-7;263-280;Druckerzeugnis;"05.12.2003 08:38";"In: Hablützel-Peter- Haldemann-Theo- Schedler-Kuno- Schwaar-Karl: Umbruch in Politik und Verwaltung NPM in kleineren und mittleren Gemeinden des Kantons Bern";Haupt-Bibliothek;-;Bern;"Paul Haupt";-;;YQ;;;Wirtschaftswissenschaften;"Spezielle Betriebswirtschaftslehren";;;;;leave;0996404
"Martin Paul C.";"Wann kommt der Staatsbankrott?";3.7844.7119.6;289;Druckerzeugnis;"05.12.2003 08:38";;Haupt-Bibliothek;"DA 148";Herbig;"Wirtschaftsverlag Langen-Müller";1983;;YL2;YL7;;Wirtschaftswissenschaften;"Finanzwissenschaft. Betriebswirtschaftliche Steuerlehre";"Haushaltsaufstellung, -verwaltung und -kontrolle-	Finanzpolitik. Fiscal Policy. Finanzwirtschaft und Finanzpolitik einzelner Länder";;;;HSB01duplicate;0996405;0204683
"Becker Ulrich";"Wandel der Staatsaufgaben - und der Beamten?";;5;Druckerzeugnis;20.04.2004;;Separata;"EA Sep. 07";Solothurn;;1969;;YQ;;;Wirtschaftswissenschaften;"Spezielle Betriebswirtschaftslehren";;;;;leave;0996406
"Winkler E./Jacsman J./andere";"Versuch eines interkommunalen Vergleichs von Gemeindeausgaben im Kanton Aargau";;"S. 125, S. 131, S. 134, S. 138";Druckerzeugnis;30.10.2003;"Begriffe und Definition der Orts-, Regional- und Landesplanung. Zur Methodik der Landschaftsplanung. Landesplanerische Prioritätszonen";Separata;"AJ Sep. 31";Solothurn;"Vogt-Schild AG";1968;;YY;;;Wirtschaftswissenschaften;"Regionale Wirtschaftspolitik. Stadtplanung";;;;;leave;0996407
"Schwarz Gunther";"Unternehmungskultur als Element des Strategischen Managements";3.428.06754.1;276;Druckerzeugnis;09.11.2004;"Betriebswirtschaftliche Forschungsergebnisse, Bd. 92";Haupt-Bibliothek;"WA 312";Berlin;"Duncker & Humblot";1989;;YP;;;Wirtschaftswissenschaften;"Allgemeine Betriebswirtschaftslehre";;;;;HSB01duplicate;0996408;0026656
"Japp Klaus Peter";"Theorie des öffentlichen Sektors";3.593.32305.2;258;Druckerzeugnis;"05.12.2003 08:38";"Zur Verbindung ökonomischer und soziologischer Ansätze";Haupt-Bibliothek;"AC 205";"Frankfurt/New York";"Campus Verlag";1978;;YL1;;;Wirtschaftswissenschaften;"Finanzwissenschaft. Betriebswirtschaftliche Steuerlehre";Allgemeines;;;;HSB01duplicate;0996409;0332190
"Pümpin Cuno";"Dynamische Unternehmensführung und strategisches Controlling";-;25-51;Druckerzeugnis;"05.12.2003 08:38";"In: Horvath-Péter: Synergien durch Schnittstellen-Controlling";Haupt-Bibliothek;-;-;-;-;;YL2;;;Wirtschaftswissenschaften;"Finanzwissenschaft. Betriebswirtschaftliche Steuerlehre";"Haushaltsaufstellung, -verwaltung und -kontrolle";;;;HSB01duplicate;0996410;0055585
"Solow Robert M.";Wachstumstheorie;;119;Druckerzeugnis;08.01.2005;"Darstellung und Anwendung";Haupt-Bibliothek;"AG 214";Göttingen;"Vandenhoeck & Ruprecht";1971;;YN;;;Wirtschaftswissenschaften;"Konjunkturschwankungen, Stabilitätspolitik";;;;;HSB01duplicate;0996411;0254864
"de Hosson Fred C.";"The Direct Investment Tax Initiatives of the European Community";"90 6544 521 8";187;Druckerzeugnis;"05.12.2003 08:38";;Haupt-Bibliothek;"KA 153";Deventer/Boston;Kluwer;1990;;KA;;;"Ausländisches Steuerrecht";"Staatenverbände, Staatengruppen";;;;;replacefromSwissbib;0996412;211850586
"Buccieri Joseph Mario";"The relationship of job satisfaction and employee motivation to productivity as perceived by civilian employees in the federal sector";;109;Druckerzeugnis;"05.12.2003 08:38";;Haupt-Bibliothek;"EH 105";"Ann Arbor";UMI;1991;;YQ;;;Wirtschaftswissenschaften;"Spezielle Betriebswirtschaftslehren";;;;;leave;0996413
"Peacock Alan T./Wiseman Jack";"The Growth of Public Expenditure in the United Kingdom";;209;Druckerzeugnis;"05.12.2003 08:38";"A study by the National Bureau of Economic Research";Haupt-Bibliothek;"BF 106";Princeton;"Princeton University Press";1961;;YL7;;;Wirtschaftswissenschaften;"Finanzwissenschaft. Betriebswirtschaftliche Steuerlehre";"Finanzpolitik. Fiscal Policy. Finanzwirtschaft und Finanzpolitik einzelner Länder";;;;HSB01duplicate;0996414;0358365
"Kappel Rolf/Widmaier Ulrich";"Mögliche Entwicklungen der Weltbevölkerung";3.445.02032.9;93-186;Druckerzeugnis;"05.12.2003 08:38";"In: Bremer-Stuart A. (Hrsg.): Weltmodellstudien";Haupt-Bibliothek;-;Königstein;"Anton Hain";1980;;YN;;;Wirtschaftswissenschaften;"Konjunkturschwankungen, Stabilitätspolitik";;;;;leave;0996415
"Blinder Alan S.";"Toward an Economic Theory of Income Distribution";0.262.02114.5;163;Druckerzeugnis;10.12.2004;;Haupt-Bibliothek;"AH 156";Cambridge;"The MIT Press";1974;;YV;;;Wirtschaftswissenschaften;"Arbeitnehmerfragen (Labor Economics)";;;;;replacefromSwissbib;0996416;272932051
"Ball Ian Erenstrom Karen";"Specifying Performance Dimensionns: The Process-The Substance and The Result - Outcome Specification";0.980976.09.7;55-79;Druckerzeugnis;"05.12.2003 08:38";;Haupt-Bibliothek;-;Wellington;NZSofA;-;;YQ;;;Wirtschaftswissenschaften;"Spezielle Betriebswirtschaftslehren";;;;;leave;0996417
"Bannock Graham";"Taxation in the European Community - The Small Business Perspective";"1 85396 113 2";130;Druckerzeugnis;05.12.2003;;Haupt-Bibliothek;"KA 148";London;"Paul Chapman Publishing Ltd.";1990;;KA;;;"Ausländisches Steuerrecht";"Staatenverbände, Staatengruppen";;;;;leave;0996418
"Bieter Willy/Gusewski Marc";"Wirtschaftsverflechtung und EG-Binnenmarkt Unternehmensstrategien";;127;Druckerzeugnis;10.09.2003;;Haupt-Bibliothek;"FB 179";Bern;"Bundesamt für Konjunkturfragen";1991;;YL5;YM;;Wirtschaftswissenschaften;"Finanzwissenschaft. Betriebswirtschaftliche Steuerlehre-	Internationaler Handel. Zahlungsbilanz und Wechselkurse";"Finanzwirtschaft supranationaler Behörden";;;;bestcase;0043697
"Mittelbach Rolf";"Übertragung stiller Reserven im Steuerrecht";"3 921379 88 1";86;Druckerzeugnis;06.02.2004;;Haupt-Bibliothek;"PE 0548";Köln;"Dr. Peter Deubner Verlag GmbH";1982;;PE;;;"Einkommen- und Vermögensteuern, Ertrag- und Kapitalsteuern";"Einkommen Selbständigerwerbender, Unternehmungsbesteuerung";;;;;reimportFromSwissbib;0996420;273510096
EWG;"Unternehmenszusammenschlüsse aus der Sicht der Europäischen Gemeinschaften";;5;Druckerzeugnis;06.09.2004;;Separata;"AK Sep. 110";;;1969;;YC;;;Wirtschaftswissenschaften;"Wirtschaftstheorie, einschliesslich Geldtheorie";;;;;leave;0996421
"Weber Karl/Niederberger J. Martin";"Von der Nachwuchs- zur Mittelbaupolitik";;158;Druckerzeugnis;"05.12.2003 08:38";"Explorative Studie";Haupt-Bibliothek;"AK 0447";Bern;"Schweizerischer Wissenschaftsrat";1984;;YB;;;Wirtschaftswissenschaften;"Allgemeines. Methoden der W. Unterrichts- und Ausbildungsmethoden in den W., Wirtschaftspädagogik";;;;;HSB01duplicate;0996422;0352594
-;"Zeitschrift für Gesetzgebung und Rechtsprechung in Graubünden (ZGRG) 1992-93";-;;Druckerzeugnis;30.10.2003;"Zeitschrift für Gesetzgebung und Rechtsprechung in Graubünden";"HB Steuerrecht";"Z 340";Tamins;"Arcas Verlag";1994;;Z;;;Zeitschriften;;;;;;journal
"Lee Tim";"The Search for Equity";1.85972.413.2;136;Druckerzeugnis;08.01.2005;"The funding of additional educational needs under LMS";Haupt-Bibliothek;"AF 257";"Aldershot GB";Avebury;1996;;YX;;;Wirtschaftswissenschaften;"Sozialpolitik. Gesundheitswesen. Bildungsökonomie";;;;;leave;0996423
"Woywode Uwe";"Wörterbuch Rechnungslegung und Steuern";3-7272-9851-0;693;Druckerzeugnis;10.10.2003;"einschliesslich wichtiger Rechts- und Finanzterminologie (Deutsch/Englisch)";"HB Steuerrecht";"JA 143";Bern;"Stämpfli Verlag AG";2000;;JA;;;"Allgemeine Steuerrechtsliteratur";"Allgemeines, Lehrbücher";;;;;bestcase;0224295
"Stolper Hans-Dieter";"Zur Leistungsfähigkeit der konsumtheoretischen Analyse der Nachfrage nach öffentlichen Gütern";3.428.05140.8;166;Druckerzeugnis;08.01.2005;;Haupt-Bibliothek;"AC 256";Berlin;"Duncker & Humblot";1982;;YL1;;;Wirtschaftswissenschaften;"Finanzwissenschaft. Betriebswirtschaftliche Steuerlehre";Allgemeines;;;;HSB01duplicate;0996424;0200974
"Koch Rainer";"Verwaltung und Entscheidung";"ISSN 0 176-0890";31;Druckerzeugnis;08.01.2005;"Zur Steuerbarkeit kollektiver Entscheidungsprozesse in öffentlichen Verwaltungen Reihe: Beiträge zur Verwaltungswissenschaft, Nr. 19";Haupt-Bibliothek;"EA 202";Hamburg;"Institut für Verwaltungswissenschaft";1988;;YQ;;;Wirtschaftswissenschaften;"Spezielle Betriebswirtschaftslehren";;;;;leave;0996425
"Ruttkay Frano";"The First Credit Co-operative Society in Europe";;49;Druckerzeugnis;06.09.2004;;Separata;"AK Sep. 423";Prague;"Central Co-operative Council";1970;;YR;;;Wirtschaftswissenschaften;"Gewerbepolitik. Einzelne Wirtschaftszweige";;;;;replacefromSwissbib;0996426;085356395
"Kneschaurek F.";"Wirtschaftliches Wachstum und öffentliche Finanzwirtschaft";;23;Druckerzeugnis;20.04.2004;"Vortrag 1966";Separata;"AG Sep. 09";;;1966;;YN;;;Wirtschaftswissenschaften;"Konjunkturschwankungen, Stabilitätspolitik";;;;;replacefromSwissbib;0996427;053717929
"Bardach Eugene";"The Implementation Game: What Happens after a Bill becomes a Law";0.262.02125.0;"284 + 31 S. Anhang";Druckerzeugnis;"05.12.2003 08:38";;Haupt-Bibliothek;"AK 1027";London;"The MIT Press";1977;;YC;;;Wirtschaftswissenschaften;"Wirtschaftstheorie, einschliesslich Geldtheorie";;;;;HSB01duplicate;0996428;0107365
"Tanzi Vito/Bracewell-Milnes J. B./Myddelton D. R.";"Taxation: A Radical Approach";255.35981.0;130;Druckerzeugnis;10.09.2003;"A reassessment of the high level of British taxation and the scope for its reduction";Haupt-Bibliothek;"CA 165";London;"The Institute of Economic Affairs";1970;;YL7;YL8;YL9;Wirtschaftswissenschaften;"Finanzwissenschaft. Betriebswirtschaftliche Steuerlehre";"Finanzpolitik. Fiscal Policy. Finanzwirtschaft und Finanzpolitik einzelner Länder-	Allgemeine Steuerlehre, Steuersystem einzelner Länder-	Betriebswirtschaftliche Steuerlehre";;;;reimportFromSwissbib;0996429;515927023
"Keuschnigg Christian/Dietz Martin D.";"Unternehmenssteuerreform II - Quantitative Auswirkungen auf Wachstum und Verteilung";3-258-06654-X;121;Druckerzeugnis;"05.12.2003 08:38";"Schriftenreihe 'Finanzwirtschaft und Finanzrecht', Bd. 96";Haupt-Bibliothek;"TA 124 1";"Bern / Stuttgart / Wien";"Haupt Verlag";2003;;PE;;;"Einkommen- und Vermögensteuern, Ertrag- und Kapitalsteuern";"Einkommen Selbständigerwerbender, Unternehmungsbesteuerung";;;;;bestcase;0286417
"Essers Peter/de Bont Guido/Kemmeren Eric";"The Compatibility of Anti-Abuse Provisions in Tax Treaties with EC Law";90-411-9679-X;293;Druckerzeugnis;"05.12.2003 08:38";;Haupt-Bibliothek;"KA 180";"The Hague / London / Boston";"Eucotax- Kluwer Law International";1998;;KA;;;"Ausländisches Steuerrecht";"Staatenverbände, Staatengruppen";;;;;reimportFromSwissbib;0996430;278915132
"EC Commission";"The Completion of the Internal Market A Survey of European Industry's Perception of the Licely Effects";92.825.8610.3;302;Druckerzeugnis;"05.12.2003 08:38";;Haupt-Bibliothek;"FB 158 3";Brüssel;EG;1988;;YL5;YM;;Wirtschaftswissenschaften;"Finanzwissenschaft. Betriebswirtschaftliche Steuerlehre-	Internationaler Handel. Zahlungsbilanz und Wechselkurse";"Finanzwirtschaft supranationaler Behörden";;;;bestcase;0009951
"Biedenkopf Kurt H./Miegel Meinhard";"Wege aus der Arbeitslosigkeit";3.87959.083.4;87;Druckerzeugnis;01.12.2004;"Arbeitsmarktpolitik in der sozialen Marktwirtschaft";Haupt-Bibliothek;"AG 288";Stuttgart;"Bonn Aktuell GmbH";1978;;YN;;;Wirtschaftswissenschaften;"Konjunkturschwankungen, Stabilitätspolitik";;;;;HSB01duplicate;0996431;0200020
EG-Kommission;"Zwei Memoranden der Kommission zum Kapitalmarkt";;2;Druckerzeugnis;"05.12.2003 08:38";;Separata;"AK Sep. 206";Brüssel;"Kommission der Europäischen Gemeinschaften";1969;;YK;;;Wirtschaftswissenschaften;"Geld, Kredit- und Bankwesen. Bankbetriebslehre";;;;;leave;0996432
"Atkinson A. B.";"The Personal Distribution of Incomes";0.04.332064.3;348;Druckerzeugnis;"05.12.2003 08:38";;Haupt-Bibliothek;"AH 164";London;"George Allen & Unwin Ltd.";1976;;YV;;;Wirtschaftswissenschaften;"Arbeitnehmerfragen (Labor Economics)";;;;;HSB01duplicate;0996433;0347871
"Albach Horst-Beckmann Martin";"Zur Reform der direkten Steuern";3.409.37431.0;34;Druckerzeugnis;"05.12.2003 08:38";;Haupt-Bibliothek;"CA 160";Wiesbaden;"Betriebswirtschaftlicher Verlag Dr. Th. Gabler";1970;;YL7;YL8;YL9;Wirtschaftswissenschaften;"Finanzwissenschaft. Betriebswirtschaftliche Steuerlehre";"Finanzpolitik. Fiscal Policy. Finanzwirtschaft und Finanzpolitik einzelner Länder-	Allgemeine Steuerlehre, Steuersystem einzelner Länder-	Betriebswirtschaftliche Steuerlehre";;;;bestcase;0360749
"Jochimsen Reimut";"Theorie der Infrastruktur";;223;Druckerzeugnis;"05.12.2003 08:38";"Grundlagen der marktwirtschaftlichen Entwicklung";Haupt-Bibliothek;"AJ 122";Tübingen;"J.C.B. Mohr (Paul Siebeck)";1966;;YY;;;Wirtschaftswissenschaften;"Regionale Wirtschaftspolitik. Stadtplanung";;;;;HSB01duplicate;0996434;0197499
"Glazer Nathan";"Die Grenzen der Sozialpolitik";"3.462.01059.X 3.462.01060.3";335-351;Druckerzeugnis;"05.12.2003 08:38";"In: Narr-Wolf-Dieter- Offe-Claus (Hrsg.): Wohlfahrtsstaat und Massenloyalität";Haupt-Bibliothek;-;Köln;"Kiepenheuer & Witsch";-;;YC;;;Wirtschaftswissenschaften;"Wirtschaftstheorie, einschliesslich Geldtheorie";;;;;leave;0996435
"Vente Rolf E.";Zielplanung;3.7890.0037;41;Druckerzeugnis;24.08.2004;"Zwei Plädoyers für eine erweiterte Rationalität, Planen, Heft 4";Haupt-Bibliothek;"VC 149";Baden-Baden;Nomos;1971;;YL2;;;Wirtschaftswissenschaften;"Finanzwissenschaft. Betriebswirtschaftliche Steuerlehre";"Haushaltsaufstellung, -verwaltung und -kontrolle";;;;bestcase;0233322
IFSt;"IFSt-Schrift 353";-;123;Druckerzeugnis;"05.12.2003 08:38";"Möglichkeiten und Grenzen der Verrechnung nichtrealisierter Verluste mit nichtrealisierten Gewinnen / Ausgleich von Verpflichtungen durch Gegenansprüche";Haupt-Bibliothek;"Z 153 353";Bonn;IFSt;1997;;Z;;;Zeitschriften;;;;;;journal
"Marx Detlef";"Wachstumsorientierte Regionalpolitik";;138;Druckerzeugnis;08.01.2005;;Haupt-Bibliothek;"AJ 110";Göttingen;"Vandenhoeck & Ruprecht";1966;;YY;;;Wirtschaftswissenschaften;"Regionale Wirtschaftspolitik. Stadtplanung";;;;;HSB01duplicate;0996436;0315175
"Stoker Gerry";"The Politics of Local Government";"0.333.44269.5 hardcover 0.333.44270.9 pbk";267;Druckerzeugnis;22.04.2004;;Haupt-Bibliothek;"WD 215";Basingstoke/London;MacMillan;1988;;WD;;;"Uebrige Literatur";"Diverse Gebiete, Umweltschutz";;;;;HSB01duplicate;0996437;0035970
"Koch Woldemar";"Verknüpfung der Geldtheorie mit der Finanzwissenschaft in der Lehre von John Law";3.922016.17.0;203-222;Druckerzeugnis;"05.12.2003 08:38";"In: Mückl Wolfgang J., Ott Alfred E. (Hrsg.): Wirtschaftstheorie und Wirtschaftspolitik";Haupt-Bibliothek;-;Passau;"Passavia Universitätsverlag";-;;YB;;;Wirtschaftswissenschaften;"Allgemeines. Methoden der W. Unterrichts- und Ausbildungsmethoden in den W., Wirtschaftspädagogik";;;;;leave;0996438
"Eidg. Volkswirtschaftsdepartement";"Ziele-Mittel und Träger der Konjunkturpolitik";;27;Druckerzeugnis;28.04.2004;;Haupt-Bibliothek;"AG 190 a";Bern;"Verlag des Schweiz. Handelsamtsblattes";1971;;YN;;;Wirtschaftswissenschaften;"Konjunkturschwankungen, Stabilitätspolitik";;;;;unsure
NN;"Verträge zur Gründung der Europäischen Gemeinschaften";;833;Druckerzeugnis;10.09.2003;"Verträge zur Änderung dieser Verträge Dazugehörige Dokumente";Haupt-Bibliothek;"FB 106";;"Amt für amtliche Veröffentlichungen der Europäischen Gemeinschaften 5266/71";1971;;YL5;YM;;Wirtschaftswissenschaften;"Finanzwissenschaft. Betriebswirtschaftliche Steuerlehre-	Internationaler Handel. Zahlungsbilanz und Wechselkurse";"Finanzwirtschaft supranationaler Behörden";;;;notfound
"Frerk Peter";"Wirtschaftlichkeit öffentlicher Investitionen";;78;Druckerzeugnis;"05.12.2003 08:38";;Haupt-Bibliothek;"BA 104";"Köln, Berlin";Grote;1967;;YL1;YL2;YL7;Wirtschaftswissenschaften;"Finanzwissenschaft. Betriebswirtschaftliche Steuerlehre";"Allgemeines-	Haushaltsaufstellung, -verwaltung und -kontrolle-	Finanzpolitik. Fiscal Policy. Finanzwirtschaft und Finanzpolitik einzelner Länder";;;;bestcase;0294062
OECD;"System of National Accounts 1993";92-1-161352-3;711;Druckerzeugnis;"05.12.2003 08:38";;Haupt-Bibliothek;"AH 199";"Brussels / Luxembourg";"OECD/EC/IMF/UN/World Bank";1993;;YV;;;Wirtschaftswissenschaften;"Arbeitnehmerfragen (Labor Economics)";;;;;HSB01duplicate;0996440;0086849
"Amacher R./Tollison R./Willett T.";"A Menu of Distributional Considerations";"0-8014-9860-0 (paperback) 0-8014-0914-4 (cloth)";246-276;Druckerzeugnis;"05.12.2003 08:38";"In: Amacher Ryan C./Tollison Robert D: The Economic Approach to Public Policy";Haupt-Bibliothek;-;London;"Cornell University Press";-;;YQ;;;Wirtschaftswissenschaften;"Spezielle Betriebswirtschaftslehren";;;;;leave;0996441
IFSt;"IFSt-Schrift 477";978-3-89737-019-7;95;Druckerzeugnis;"28.03.2012 18:32";"Joachim Englisch/Heidi Friedrich-Vache, Umsatzsteuerrechtliche Aspekte der Anteilsveräusserung";Haupt-Bibliothek;"Z 153 477";Berlin;"Institut 'Finanzen und Steuern'";2011;;Z;;;Zeitschriften;;;;;;journal
"Schweiz. Bankverein";"Vor einem Ausbau des Notenbankinstrumentariums in der Schweiz. Der Stand des Gemeinsamen Marktes. Die Bahama-Inseln";;"S. 85 FF S. 91 FF S. 96 FF";Druckerzeugnis;"05.12.2003 08:38";;Separata;"AK Sep. 106";Basel;"Schweizerischer Bankverein";1968;;YC;;;Wirtschaftswissenschaften;"Wirtschaftstheorie, einschliesslich Geldtheorie";;;;;notfound
IFSt;"IFSt-Brief 125";-;21;Druckerzeugnis;"05.12.2003 08:38";;Haupt-Bibliothek;"Z 153 125";Bonn;Stollfuss;1971;;Z;;;Zeitschriften;;;;;;journal
"Eichhorn Peter/u.a.";Verwaltungslexikon;3.7890.2388.4;987;Druckerzeugnis;"05.12.2003 08:38";;Haupt-Bibliothek;"EA 236";Baden-Baden;Nomos;1991;;YQ;;;Wirtschaftswissenschaften;"Spezielle Betriebswirtschaftslehren";;;;;bestcase;0040662
"Wildasin David E.";"Urban Public Finance";3.7186.0334.9;152;Druckerzeugnis;08.01.2005;;Haupt-Bibliothek;"AJ 335";Chur;Harwood;1986;;YY;;;Wirtschaftswissenschaften;"Regionale Wirtschaftspolitik. Stadtplanung";;;;;HSB01duplicate;0996443;0204780
"Schweiz. Bankgesellschaft";"Zinsniveau und Zinsstruktur";;34;Druckerzeugnis;"05.12.2003 08:38";"Versuch eines internationalen Zinsvergleichs durch Berechnung von Zinsmessziffern";Separata;"AK Sep. 201";Zürich;"Schweizerische Bankgesellschaft";1968;;YK;;;Wirtschaftswissenschaften;"Geld, Kredit- und Bankwesen. Bankbetriebslehre";;;;;bestcase;0505846
"Kneschaurek Francesco";"Ungewissheit und Voraussicht im Wirtschaftsleben";;18;Druckerzeugnis;20.04.2004;"Rektoratsrede gehalten am Hochschultag 1967 der HSG";Separata;"AK Sep. 102";;;1967;;YC;;;Wirtschaftswissenschaften;"Wirtschaftstheorie, einschliesslich Geldtheorie";;;;;bestcase;0170684
"Bürgisser-Peters Petra";"Verteilungswirkungen der staatlichen Altersvorsorge in der Schweiz";3.7255.2083.6;312;Druckerzeugnis;08.01.2005;;Haupt-Bibliothek;"AF 194";Zürich;"Schulthess Polygraphischer Verlag";1982;;YX;;;Wirtschaftswissenschaften;"Sozialpolitik. Gesundheitswesen. Bildungsökonomie";;;;;HSB01duplicate;0996445;0341537
"Redford Emmette S.";"The role of government in the american economy";;148;Druckerzeugnis;31.03.2004;;Haupt-Bibliothek;"AK 0127";"New York, London";"The Macmillan Comp. , Collier-Macmillan Ltd.";1966;;YC;;;Wirtschaftswissenschaften;"Wirtschaftstheorie, einschliesslich Geldtheorie";;;;;reimportFromSwissbib;0996446;339169826
-;"Wirtschaftsförderung (diverse Jahrgänge). - Stimmen zur Staats- und Wirtschaftspolitik (diverse Jahrgänge). - Blaue Hefte (diverse Jahrgänge)";;;Druckerzeugnis;"05.12.2003 08:38";;Separata;"AG Sep. 82";;;-;;YN;;;Wirtschaftswissenschaften;"Konjunkturschwankungen, Stabilitätspolitik";;;;;notfound
"Gassner Wolfgang/Gröhs Bernhard/Lang Michael";"Zukunftsaufgaben der Wirtschaftsprüfung";"3 7007 1094 1";376;Druckerzeugnis;05.12.2003;"Festschrift aus Anlass des Jubiläums von Deloitte & Touche Österreich";Haupt-Bibliothek;"PK 151";Wien;Orac;1997;;PK;;;"Einkommen- und Vermögensteuern, Ertrag- und Kapitalsteuern";"Besteuerung juristischer Personen, Kapitalgesellschaften";;;;;leave;0996448
"Immenga Ulrich";"Zur extraterritorialen Anwendung der europäischen Fusionskontrolle";"3 7255 3887 5";"S. 347-358";Druckerzeugnis;"05.12.2003 08:38";"In: Baldi, Marino, Baumann, Max & u.a., (Hrsg.): Der Einfluss des europäischen Rechts auf die Schweiz, Festschrift für Professor Roger Zäch zum 60. Geburtstag";Haupt-Bibliothek;-;Zürich;"Schulthess Polygraphischer Verlag";-;;WB;;;"Uebrige Literatur";"Oeffentliches Recht";;;;;reimportFromSwissbib;0996449;514780193
"Streit Manfred E.";"Theorie der Wirtschaftspolitik";3.8041.3124.7;291;Druckerzeugnis;"05.12.2003 08:38";;Haupt-Bibliothek;"AA 278";Düsseldorf;Werner-Verlag;1979;;YB;;;Wirtschaftswissenschaften;"Allgemeines. Methoden der W. Unterrichts- und Ausbildungsmethoden in den W., Wirtschaftspädagogik";;;;;HSB01duplicate;0996450;0200301
IFF;"Seminar Interkantonales Steuerrecht - 10./11.2.2003 (1. Teil)";-;-;Druckerzeugnis;"05.12.2003 08:38";"Weiterbildungskurs an der Universität St.Gallen";Haupt-Bibliothek;"LB 115 1";St.Gallen;IFF;2003;;LB;;;"Interkantonales/Internationales Steuerrecht";"Interkantonales Steuerrecht";;;;;leave;0996451
"Tullock Gordon";"The Politics of Bureaucracy";65-14383;224;Druckerzeugnis;"05.12.2003 08:38";;Haupt-Bibliothek;"EA 112";"Washington D.C.";"Public Affairs Press";1965;;YQ;;;Wirtschaftswissenschaften;"Spezielle Betriebswirtschaftslehren";;;;;HSB01duplicate;0996452;0777170
-;"Zeitschrift für Schweizerisches Recht (ZSR) 2012 - Bd. 1";0254-945X;559;Druckerzeugnis;"04.04.2012 19:07";"Bd. 131 (2012) I - Das offizielle Veröffentlichungsorgan des Schweizerischen Juristenvereins La RDS – l'organe de communication principal de la Société suisse des juristes";"HB Steuerrecht";"Z 345";Basel;"Helbing Lichtenhahn Verlag";2012;;Z;;;Zeitschriften;;;;;;journal
"Johnson James A.";"The Incidence of Government Revenues";-;107;Druckerzeugnis;"05.12.2003 08:38";"A study prepared for the Ontario Committee on Taxation";Haupt-Bibliothek;"AC 146";-;"Frank Fogg, Qeen's Printer";-;;YL1;;;Wirtschaftswissenschaften;"Finanzwissenschaft. Betriebswirtschaftliche Steuerlehre";Allgemeines;;;;leave;0996453
"Weber-Fas Rudolf";"Verfassungsrechtsprechung zum Steuerrecht - Die Entscheidungen des Bundesverfassungsgerichts der Bundesrepublik Deutschland - Bd. III";"3 415 00458 9";449;Druckerzeugnis;"05.12.2003 08:38";;Haupt-Bibliothek;"JD 111 4";Stuttgart;"Richard Boorberg Verlag";1976;;JD;;;"Allgemeine Steuerrechtsliteratur";"Grundsätze der Rechtsanwendung";;;;;HSB01duplicate;0996454;0126116;"Die Entscheidungen des Bundesverfassungsgerichts der Bundesrepublik Deutschland - Bd. III"
"akw. Arbeitskreis Kapital in der freien Wirtschaft";"Verbesserung unserer Rahmenbedingungen - Taten statt Worte!";;32;Druckerzeugnis;08.01.2005;;Separata;"AG Sep. 80";Zürich;akw;1986;;YN;;;Wirtschaftswissenschaften;"Konjunkturschwankungen, Stabilitätspolitik";;;;;replacefromSwissbib;0996455;297729217
IMF;"Surveys of African Economies";;337;Druckerzeugnis;"05.12.2003 08:38";;Haupt-Bibliothek;"AK 0519";Washington;"International Monetary Fund";1968;;YM;;;Wirtschaftswissenschaften;"Internationaler Handel. Zahlungsbilanz und Wechselkurse";;;;;leave;0996456
"Willeke Franz-Ulrich";"Marktmacht und Inflation";3.428.03347.7;"Sep 73";Druckerzeugnis;"05.12.2003 08:38";"In: Pütz-Theodor (Hrsg.): Studien zum Inflationsproblem";Haupt-Bibliothek;-;Berlin;"Duncker & Humblot";-;;YN;;;Wirtschaftswissenschaften;"Konjunkturschwankungen, Stabilitätspolitik";;;;;bestcase;0996457
"Schultze Charles L.";"The Politics and Economics of Public Spending";;137;Druckerzeugnis;"05.12.2003 08:38";;Haupt-Bibliothek;"BA 109";"Washington D.C.";"The Brookings Institution";1968;;YL1;YL2;YL7;Wirtschaftswissenschaften;"Finanzwissenschaft. Betriebswirtschaftliche Steuerlehre";"Allgemeines-	Haushaltsaufstellung, -verwaltung und -kontrolle-	Finanzpolitik. Fiscal Policy. Finanzwirtschaft und Finanzpolitik einzelner Länder";;;;HSB01duplicate;0996458;0362539
"Chartered Institute of Public Finance and Accountancy";"The management of support service costs";0-85299-457-5;69;Druckerzeugnis;"05.12.2003 08:38";"A guide to service level agreements and accounting for overheads in local government Consultative Manual";Haupt-Bibliothek;"VG 140";London;cipfa;1990;;YL2;YL7;;Wirtschaftswissenschaften;"Finanzwissenschaft. Betriebswirtschaftliche Steuerlehre";"Haushaltsaufstellung, -verwaltung und -kontrolle-	Finanzpolitik. Fiscal Policy. Finanzwirtschaft und Finanzpolitik einzelner Länder";;;;leave;0996459
"Fisher A.";"Population and Enviroment Quality";"0-8014-9860-0 (paperback) 0-8014-0914-4 (cloth)";173-187;Druckerzeugnis;"05.12.2003 08:38";"In: Amacher Ryan C./Tollison Robert D: The Economic Approach to Public Policy";Haupt-Bibliothek;-;London;"Cornell University Press";-;;YQ;;;Wirtschaftswissenschaften;"Spezielle Betriebswirtschaftslehren";;;;;leave;0996460
"Leisner Walter";"Verfassungsrechtliche Grenzen der Erbschaftsbesteuerung";;126;Druckerzeugnis;05.12.2003;;Haupt-Bibliothek;"JD 108";Berlin;"Duncker & Humblot";1970;;JD;;;"Allgemeine Steuerrechtsliteratur";"Grundsätze der Rechtsanwendung";;;;;HSB01duplicate;0996461;0125490
"Giersch Herbert";"Zur Frage der Anwendung des Ursprungs- oder Bestimmungslandprinzips bei der Umsatzsteuer im Gemeinsamen Markt";;36;Druckerzeugnis;05.12.2003;;Haupt-Bibliothek;"KB 105";Düsseldorf;"Stahleisen MbH";1962;;KB;;;"Ausländisches Steuerrecht";Deutschland;;;;;reimportFromSwissbib;0996462;515930318
OECD;"Tax Elasticities of Central Government Personal Income Tax Systems";;47;Druckerzeugnis;10.09.2003;;Separata;"CA Sep. 27";Paris;OECD;1984;;YL7;YL8;YL9;Wirtschaftswissenschaften;"Finanzwissenschaft. Betriebswirtschaftliche Steuerlehre";"Finanzpolitik. Fiscal Policy. Finanzwirtschaft und Finanzpolitik einzelner Länder-	Allgemeine Steuerlehre, Steuersystem einzelner Länder-	Betriebswirtschaftliche Steuerlehre";;;;bestcase;0347829
"Koellreuter Christoph";"Zur Theorie der internationalen Steuerinzidenz Ein neoklassischer und ein postkeynesianischer Beitrag";3.7255.1500.X;201;Druckerzeugnis;"05.12.2003 08:38";"Basler Dissertation";Haupt-Bibliothek;"CE 120";Zürich;"Schulthess Polygraphischer Verlag";1973;;YL7;YL8;;Wirtschaftswissenschaften;"Finanzwissenschaft. Betriebswirtschaftliche Steuerlehre";"Finanzpolitik. Fiscal Policy. Finanzwirtschaft und Finanzpolitik einzelner Länder-	Allgemeine Steuerlehre, Steuersystem einzelner Länder";;;;HSB01duplicate;0996463;0362607
"Leipold Helmut";"Wirtschafts- und Gesellschaftssysteme im Vergleich";3.437.40112.2;253;Druckerzeugnis;"05.12.2003 08:38";"Grundzüge einer Theorie der Wirtschaftssysteme- 3. A.";Haupt-Bibliothek;"AA 296";Stuttgart;"Gustav Fischer Verlag";1981;;YB;;;Wirtschaftswissenschaften;"Allgemeines. Methoden der W. Unterrichts- und Ausbildungsmethoden in den W., Wirtschaftspädagogik";;;;;HSB01duplicate;0996464;0003981
"Eppe Franz";"Subventionen und staatliche Geschenke";;162;Druckerzeugnis;08.01.2005;"Begriffliche Abgrenzung und verwaltungsrechtliche Bedeutung";Haupt-Bibliothek;"BC 208";Stuttgart/Berlin;"W. Kohlhammer Verlag";1966;;YL7;;;Wirtschaftswissenschaften;"Finanzwissenschaft. Betriebswirtschaftliche Steuerlehre";"Finanzpolitik. Fiscal Policy. Finanzwirtschaft und Finanzpolitik einzelner Länder";;;;reimportFromSwissbib;0996465;296824313
"Chen Kan/Hoelscher H. E./u.a.";"Urban Dynamics: Extensions and Reflections";911302.18.2;290;Druckerzeugnis;"05.12.2003 08:38";;Haupt-Bibliothek;"AJ 249";California;"San Francisco Press, Inc.";1972;;YY;;;Wirtschaftswissenschaften;"Regionale Wirtschaftspolitik. Stadtplanung";;;;;reimportFromSwissbib;0996466;515929395
"Rasmussen David W.";"Urban Economics";06.045332.X;186;Druckerzeugnis;08.01.2005;;Haupt-Bibliothek;"AJ 223";"New York";"Harper & Row, Publishers";1973;;YY;;;Wirtschaftswissenschaften;"Regionale Wirtschaftspolitik. Stadtplanung";;;;;HSB01duplicate;0996467;0324655
"Kaufer Erich";"Theorie der öffentlichen Regulierung";3.8006.0873.1;179;Druckerzeugnis;"05.12.2003 08:38";;Haupt-Bibliothek;"AK 1082";München;"Franz Vahlen GmbH";1981;;YC;;;Wirtschaftswissenschaften;"Wirtschaftstheorie, einschliesslich Geldtheorie";;;;;bestcase;0348275
IBFD;"The Tax Treatment of Transfer Pricing - Vol. 1";90-70125-29-3;-;Druckerzeugnis;"05.12.2003 08:38";"ursprünglich Loseblattwerk- 6 Ordner";Haupt-Bibliothek;"LC 0683";Amsterdam;"IBFD Publications BV";1999;;LC;;;"Interkantonales/Internationales Steuerrecht";"Internationales Steuerrecht";;;;;leave;0996468
"Heimann Albin";"Wirtschaften statt Subventionieren (Landwirtschaft)";;90;Druckerzeugnis;06.09.2004;;Haupt-Bibliothek;"AK 0407";Zürich;"Verlag Ex Libris";1968;;YR;;;Wirtschaftswissenschaften;"Gewerbepolitik. Einzelne Wirtschaftszweige";;;;;replacefromSwissbib;0996469;262266407
"Hood Christopher";"Managing Public Sector Performance: The International Experience";0.980976.09.7;35-55;Druckerzeugnis;"05.12.2003 08:38";"In: New Zealand Society of Accountants (Hrsg.): The Public Sector Challenge: Defining, Delivernig and Reporting Performance";Haupt-Bibliothek;-;Wellington;NZSofA;-;;YQ;;;Wirtschaftswissenschaften;"Spezielle Betriebswirtschaftslehren";;;;;leave;0996470
"Albers Willi";"Unbefriedigende Verteilungswirkungen bei der Einkommensteuer und bei Transferzahlungen in der Bundesrepublik Deutschland";;21;Druckerzeugnis;10.09.2003;"Arbeitsgemeinschaft der Verbände des höheren Dienstes, Heft 6";Separata;"CA Sep. 26";Düsseldorf;"Pädagogik- und Hochschul-Verlag";1982;;YL7;YL8;YL9;Wirtschaftswissenschaften;"Finanzwissenschaft. Betriebswirtschaftliche Steuerlehre";"Finanzpolitik. Fiscal Policy. Finanzwirtschaft und Finanzpolitik einzelner Länder-	Allgemeine Steuerlehre, Steuersystem einzelner Länder-	Betriebswirtschaftliche Steuerlehre";;;;bestcase;0348212
"Bombach Gottfried";"Wirtschaft und Bevölkerung im Kanton Aargau 1985";;10;Druckerzeugnis;20.04.2004;"Resumée des Gutachtens der PROGNOS AG Basel";Separata;"AJ Sep. 08";Basel;"Prognos AG";1965;;YY;;;Wirtschaftswissenschaften;"Regionale Wirtschaftspolitik. Stadtplanung";;;;;leave;0996471
"Miller J.";"A Program for Direct and Proxy Voting in the Legislative Process";"0-8014-9860-0 (paperback) 0-8014-0914-4 (cloth)";369-376;Druckerzeugnis;"05.12.2003 08:38";"In: Amacher Ryan C./Tollison Robert D: The Economic Approach to Public Policy";Haupt-Bibliothek;-;London;"Cornell University Press";-;;YQ;;;Wirtschaftswissenschaften;"Spezielle Betriebswirtschaftslehren";;;;;leave;0996472
"Winzeler K. R.";"Versuch eines interkommunalen Vergleichs von Gemeindeausgaben im Kanton Aargau";;"125 ff";Druckerzeugnis;"05.12.2003 08:38";;Separata;"AJ Sep. 03";Solothurn;"Vogt-Schild AG";1968;;YY;;;Wirtschaftswissenschaften;"Regionale Wirtschaftspolitik. Stadtplanung";;;;;iff_doc_missing;"CSV line 103";102799504
"Eiermann Rudolf";"Ein öffentliches Unternehmen zwischen Markt und Staat: Die Unternehmensverfassung der Deutschen Bundesbahn";3-7890-1683-7;204-213;Druckerzeugnis;"05.12.2003 08:38";"In: Eichhorn Peter: Unternehmensverfassung in der privaten und öffentlichen Wirtschaft";Haupt-Bibliothek;-;Baden-Baden;Nomos;-;;YQ;;;Wirtschaftswissenschaften;"Spezielle Betriebswirtschaftslehren";;;;;replacefromSwissbib;0996473;074813935
"Demele Ottwald";"Ursachen der Inflation";3.593.32915.8;273;Druckerzeugnis;08.01.2005;;Haupt-Bibliothek;"AG 350";Frankfurt;"Campus Verlag";1981;;YN;;;Wirtschaftswissenschaften;"Konjunkturschwankungen, Stabilitätspolitik";;;;;replacefromSwissbib;0996474;146611748
"Schweiz. Nationalfonds/Programmleitung NFP 'Regionalprobleme'";"Überwälzungshypothesen zur effektiven regionalen Inzidenz des Bundeshaushaltes";;92;Druckerzeugnis;"05.12.2003 08:38";;Haupt-Bibliothek;"AG 342";Bern;;1981;;YN;;;Wirtschaftswissenschaften;"Konjunkturschwankungen, Stabilitätspolitik";;;;;iff_doc_missing;"CSV line 106";080859275
"Dumas Lloyd Jeffry";"The Overburdened Economy";0.520.05686.8;260;Druckerzeugnis;"05.12.2003 08:38";"Uncovering the Causes of Chronic Unemployment, Inflation and National Decline";Haupt-Bibliothek;"AK 1153";Berkeley;"University of California Press";1986;;YC;;;Wirtschaftswissenschaften;"Wirtschaftstheorie, einschliesslich Geldtheorie";;;;;HSB01duplicate;0996476;0337210
"Blanpain R.";"The OECD Guidelines for Multinational Enterprises and Labour Relations 1976-1979 - Experience and Review";"90 312 0108 1";306;Druckerzeugnis;05.12.2003;;Haupt-Bibliothek;"KA 322";Deventer/Boston/London/Frankfurt/Antwerp;Kluwer;1979;;KA;;;"Ausländisches Steuerrecht";"Staatenverbände, Staatengruppen";;;;;replacefromSwissbib;0996477;300583680
"Sturzenegger Federico/Zettelmeyer Jeromin";"Debt Defaults and Lessons from a Decade of Crises";978-0-262-19553-9;385;Druckerzeugnis;"13.03.2012 15:10";;"HB Steuerrecht";"YL7 005";Cambridge;"The MIT Press";2007;;YL7;;;Wirtschaftswissenschaften;"Finanzwissenschaft. Betriebswirtschaftliche Steuerlehre";"Finanzpolitik. Fiscal Policy. Finanzwirtschaft und Finanzpolitik einzelner Länder";;;;HSB01duplicate;0996478;0467762
"Pütz Theodor";"Studien zum Inflationsproblem";3.428.03347.7;174;Druckerzeugnis;08.01.2005;;Haupt-Bibliothek;"AG 229";Berlin;"Duncker & Humblot";1975;;YN;;;Wirtschaftswissenschaften;"Konjunkturschwankungen, Stabilitätspolitik";;;;;bestcase;0290147
"Buchholz Edwin H.";"Zwang zur Freiheit";3.16.339902.9;162;Druckerzeugnis;"05.12.2003 08:38";"Verbände, Staat, Individuum";Haupt-Bibliothek;"AK 0199";Tübingen;"J. C. B. Mohr (Paul Siebeck)";1977;;YB;;;Wirtschaftswissenschaften;"Allgemeines. Methoden der W. Unterrichts- und Ausbildungsmethoden in den W., Wirtschaftspädagogik";;;;;reimportFromSwissbib;0996479;276275861
"Friauf Karl Heinrich";"Verfassungsrechtliche Grenzen der Wirtschaftslenkung und Sozialgestaltung durch Steuergesetze";;46;Druckerzeugnis;05.12.2003;;Haupt-Bibliothek;"JD 106";Tübingen;"J.C.B.Mohr (Paul Siebeck)";1966;;JD;;;"Allgemeine Steuerrechtsliteratur";"Grundsätze der Rechtsanwendung";;;;;replacefromSwissbib;0996480;274157314
"Innenministerium Baden-Württemberg";"Verwaltung 2000 - Bd. 17";;79;Druckerzeugnis;"05.12.2003 08:38";"Die Mitarbeiterbefragung in der Landesverwaltung Baden-Württemberg";Haupt-Bibliothek;"EH 139";Stuttgart;"Schwäbische Druckerei";1996;;YQ;;;Wirtschaftswissenschaften;"Spezielle Betriebswirtschaftslehren";;;;;iff_doc_missing;"CSV line 113";036694533;"Bd. 17";"Die Mitarbeiterbefragung in der Landesverwaltung Baden-Württemberg"
"Bohley Peter";"Wirtschaftspolitische Massnahmen zur Förderung der Wirtschaftlichkeit des Verkehrs";;13;Druckerzeugnis;08.01.2005;"Sonderdruck aus Schweiz. Zeitschrift für Volkswirtschaft und Statistik, Heft 3/1977";Haupt-Bibliothek;"AC 214";Zürich;"Wirtschaftswissenschaftliches Institut der Universität Zürich";1977;;YL1;;;Wirtschaftswissenschaften;"Finanzwissenschaft. Betriebswirtschaftliche Steuerlehre";Allgemeines;;;;reimportFromSwissbib;0996481;298262320
"Schweiz. Wissenschaftsrat";Wissenschafts-Politik;;107;Druckerzeugnis;"05.12.2003 08:38";"Mitteilungsblatt des Schweizerischen Wissenschaftsrates, Nr. 2 / 1970";Haupt-Bibliothek;"WD 102 1";Bern;"Sekr. des Schweiz. Wissenschaftsrates";1970;;YL7;;;Wirtschaftswissenschaften;"Finanzwissenschaft. Betriebswirtschaftliche Steuerlehre";"Finanzpolitik. Fiscal Policy. Finanzwirtschaft und Finanzpolitik einzelner Länder";;;;iff_doc_missing;"CSV line 115";274172356
"Bauer Joachim u. a.";Unternehmenssanierung;3-504-65505-4;166;Druckerzeugnis;"05.12.2003 08:38";"16. Tagung in Bad Ragaz vom 29. - 31. Mai 1997";Haupt-Bibliothek;"WB 243";Köln;"Verlag Dr. Otto Schmidt";1998;;WB;;;"Uebrige Literatur";"Oeffentliches Recht";;;;;bestcase;0167348
"Stegmüller Wolfgang";"Teleologie-Funktionalanalyse und Selbstregulation";;"518 - 623";Druckerzeugnis;22.04.2004;;Haupt-Bibliothek;"WD 118";"Berlin, Heidelberg, New York";"Springer Verlag";1969;;WD;;;"Uebrige Literatur";"Diverse Gebiete, Umweltschutz";;;;;HSB01duplicate;0996482;0245232
"Hauser Heinz";"Hypothesen zur effektiven Inzidenz der Bundeseinnahmen";;"Jan 33";Druckerzeugnis;"05.12.2003 08:38";"In: Schweiz. Nationalfonds/Programmleitung NFP 'Regionalprobleme' (Hrsg.): Überwälzungshypothesen zur effektiven regionalen Inzidenz des Bundeshaushaltes";Haupt-Bibliothek;-;Bern;;1981;;YN;;;Wirtschaftswissenschaften;"Konjunkturschwankungen, Stabilitätspolitik";;;;;leave;0996483
"Price Waterhouse";"Value for money auditing";"0 85258 870 4";265;Druckerzeugnis;"05.12.2003 08:38";"The investigation of Economy, Efficiency, Effectiveness";Haupt-Bibliothek;"VE 141";London;"Gee & Co.";1990;;YL2;;;Wirtschaftswissenschaften;"Finanzwissenschaft. Betriebswirtschaftliche Steuerlehre";"Haushaltsaufstellung, -verwaltung und -kontrolle";;;;leave;0996484
"Statistisches Amt des Eurostat";"Volkswirtschaftliche Gesamtrechnungen ESVG";92.825.9247.2;133;Druckerzeugnis;"05.12.2003 08:38";"Aggregate 1970-1987";Haupt-Bibliothek;"AE 181";Luxembourg;"Statistisches Amt der Europäischen Gemeinschaften";1989;;YJ;;;Wirtschaftswissenschaften;"Volkswirtschaftliches Rechnungswesen. Sonstiges, einzelnen Gruppen nicht zuweisbares statistisches Material";;;;;leave;0996485
"Downs George W./Larkey Patrick D.";"The Search for Government Efficiency";0-394-35213-0;268;Druckerzeugnis;"05.12.2003 08:38";;Haupt-Bibliothek;"EG 152";"New York";"Radnom House";1986;;YQ;;;Wirtschaftswissenschaften;"Spezielle Betriebswirtschaftslehren";;;;;replacefromSwissbib;0996486;071940219
"Ruf Pete";"Unternehmensumstrukturierung und bernisches Handänderungsabgaberecht";;95-111;Druckerzeugnis;"05.12.2003 08:38";"In: ASA 57 (1988/89), Sondernummer für Ernst Känzig, em. Professor an der Universität Bern zum 80. Geburtstag am 17. August 1988";Haupt-Bibliothek;-;Bern;"Geiger AG";-;;RC;;;"Uebrige Steuern";Handänderungsteuer;;;;;replacefromSwissbib;0996487;208840303
"Haritz Detlef/Benkert Manfred";Umwandlungssteuergesetz;"3 406 44858 5";1015;Druckerzeugnis;"05.12.2003 08:38";"Kommentar (mit dem Steuerbereinigungsgesetz 1999)- 2. A.";Haupt-Bibliothek;"KB 210";München;"C.H. Beck'sche Verlagsbuchhandlung";2000;;KB;;;"Ausländisches Steuerrecht";Deutschland;;;;;replacefromSwissbib;0996488;15276710X
"Leblanc Hugh L./Allensworth Trudeau";"The Politics of States and Urban Communities";"SBN 06.043885.1";450;Druckerzeugnis;"05.12.2003 08:38";;Haupt-Bibliothek;"AC 162";"New York";"Harper & Row";1971;;YL1;;;Wirtschaftswissenschaften;"Finanzwissenschaft. Betriebswirtschaftliche Steuerlehre";Allgemeines;;;;HSB01duplicate;0996489;0129707
"Cosciani Cesare/und andere";"Problemi di Finanza Pubblica";;359;Druckerzeugnis;"05.12.2003 08:38";"Studi di Finanza Pubblica";Haupt-Bibliothek;"AC 136";Milano;Guiffrè;1968;;YL1;;;Wirtschaftswissenschaften;"Finanzwissenschaft. Betriebswirtschaftliche Steuerlehre";Allgemeines;;;;replacefromSwissbib;0996490;187009562
"Furgler Kurt";"The Spirit of Competition: Choice - Challenge - Committment";-;43-47;Druckerzeugnis;"05.12.2003 08:38";"in: ISC (Hrsg.), The Spirit of Competition";Haupt-Bibliothek;-;-;-;-;;WD;;;"Uebrige Literatur";"Diverse Gebiete, Umweltschutz";;;;;leave;0996491
OECD;"The Role of Tax Reform in Central and Eastern European Economies";92.64.13575.8;456;Druckerzeugnis;10.09.2003;;Haupt-Bibliothek;"CA 252";Paris;OECD;1991;;YL7;YL8;YL9;Wirtschaftswissenschaften;"Finanzwissenschaft. Betriebswirtschaftliche Steuerlehre";"Finanzpolitik. Fiscal Policy. Finanzwirtschaft und Finanzpolitik einzelner Länder-	Allgemeine Steuerlehre, Steuersystem einzelner Länder-	Betriebswirtschaftliche Steuerlehre";;;;bestcase;0043425
"Letsch Hans";"Wirtschaftlichkeit in der öffentlichen Verwaltung";;7;Druckerzeugnis;20.04.2004;;Separata;"EG Sep. 01";;;1970;;YQ;;;Wirtschaftswissenschaften;"Spezielle Betriebswirtschaftslehren";;;;;leave;0996150
"Weidmann Heinz/Grossmann Benno/Zigerlig Rainer";"Wegweiser durch das st.gallische Steuerrecht";"3 85621 047 4";428;Druckerzeugnis;"05.12.2003 08:38";"4. A.";Haupt-Bibliothek;"JC 208 4";Muri-Bern;"Cosmos Verlag";1987;;JC;;;"Allgemeine Steuerrechtsliteratur";"Schweizerische Kommentare und Handbücher";;;;;bestcase;0147970
"Kirchhoff Gerd";"Subventionen als Instrument der Lenkung und Koordinierung";3.428.02884.8;299;Druckerzeugnis;08.01.2005;;Haupt-Bibliothek;"BC 220";Berlin;"Duncker & Humblot";1973;;YL7;;;Wirtschaftswissenschaften;"Finanzwissenschaft. Betriebswirtschaftliche Steuerlehre";"Finanzpolitik. Fiscal Policy. Finanzwirtschaft und Finanzpolitik einzelner Länder";;;;HSB01duplicate;0996492;0362501
"Jegge Dieter Schwaar Kar";"Warm-up für New Public Management";3-258-05255-7;129-146;Druckerzeugnis;"05.12.2003 08:38";"In: Hablützel-Peter- Haldemann-Theo- Schedler-Kuno- Schwaar-Karl: Umbruch in Politik und Verwaltung Vier Jahre Personal- und Organisationsentwicklung in der schweizerischen Bundesverwaltung";Haupt-Bibliothek;-;Bern;"Paul Haupt";-;;YQ;;;Wirtschaftswissenschaften;"Spezielle Betriebswirtschaftslehren";;;;;leave;0996493
"Bauer Leonhard";"Wissenschaftstheoretische Überlegungen zu Grundannahmen der Nationalökonomie insbesondere des mikroökonomischen Ansatzes";;153;Druckerzeugnis;20.04.2004;;Haupt-Bibliothek;"AK 0140";Berlin;"Duncker & Humblot";1969;;YC;;;Wirtschaftswissenschaften;"Wirtschaftstheorie, einschliesslich Geldtheorie";;;;;bestcase;0291798
"Völkel Dieter/Karg Helmut";Umsatzsteuer;3-7910-2108-7;287;Druckerzeugnis;"05.12.2003 08:38";"Grundkurs des Steuerrechts - Bd. 4 - 17. A.";Haupt-Bibliothek;"QB 376 17";Stuttgart;"Schäffer-Poeschel Verlag";2002;;QB;;;Verbrauchsteuern;Umsatzsteuer;;;;;HSB01duplicate;0999101;0996494;"Bd. 4 - 17. A.";"Grundkurs des Steuerrechts"
"Dürschke Georg";Vermögensteuergesetz;3.406.02995.7;1081;Druckerzeugnis;"05.12.2003 08:38";;Haupt-Bibliothek;"KB 307 1";München;"C. H. Beck'sche Verlagsbuchhandlung";1970;;KB;;;"Ausländisches Steuerrecht";Deutschland;;;;;HSB01duplicate;0996230;0996495
"Borins Sandford/Warrington Edward";"The New Public Administration";;32;Druckerzeugnis;"05.12.2003 08:38";"Global Challenges, Local Solutions";Haupt-Bibliothek;"EA 274";Malta;CAPAM;1996;;YQ;;;Wirtschaftswissenschaften;"Spezielle Betriebswirtschaftslehren";;;;;leave;0996496
IFSt;"IFSt-Schrift 370";3-89737-065-4;64;Druckerzeugnis;"05.12.2003 08:38";;Haupt-Bibliothek;"Z 153 370";Bonn;IFSt;1999;;Z;;;Zeitschriften;;;;;;journal
"Cooper M.H./Culyer A.J.";"Equality in the National Health Service: Intentions-Performance and Problems in Evaluation";0.04.330213.0;"47 bis 60";Druckerzeugnis;"05.12.2003 08:38";"In: Hauser M.M. (Hrsg.): The Economics of Medical Care";Haupt-Bibliothek;-;London;"George Allen and Unwin Ltd.";-;;YL7;;;Wirtschaftswissenschaften;"Finanzwissenschaft. Betriebswirtschaftliche Steuerlehre";"Finanzpolitik. Fiscal Policy. Finanzwirtschaft und Finanzpolitik einzelner Länder";;;;leave;0996497
UBS;"Thèses Outlook";;25;Druckerzeugnis;"05.12.2003 08:38";"sur le développement futur des administrations publiques en Suisse";Haupt-Bibliothek;"EF 103";Genève;UBS;1997;;YQ;;;Wirtschaftswissenschaften;"Spezielle Betriebswirtschaftslehren";;;;;leave;0996498
"Birtel Thomas/Merbecks Ute/Bourgon Gabriele";"Wirtschafts- und Steuerordnung auf dem Prüfstand. Aktuelle Probleme aus Theorie und Praxis - Festschrift für Hermann-Wilfried Bayer zum 65. Geburtstag";3-7890-5191-8;405;Druckerzeugnis;"05.12.2003 08:38";;Haupt-Bibliothek;"JB 145";Baden-Baden;"Nomos Verlagsgesellschaft";1998;;JB;;;"Allgemeine Steuerrechtsliteratur";"Festschriften, Sammelwerke, Bibliographien";;;;;bestcase;0241789
"Höhn Ernst";"Zur Auslegung des Steuerrechts";-;35;Druckerzeugnis;"05.12.2003 08:38";"Separatdruck aus ASA, Bd. 31";Haupt-Bibliothek;"JD 306";-;-;1963;;JD;;;"Allgemeine Steuerrechtsliteratur";"Grundsätze der Rechtsanwendung";;;;;bestcase;0126828
"Salisbury Richard F.";"Vunamami Economic Transformation in a Traditional Society";;382;Druckerzeugnis;"05.12.2003 08:38";;Haupt-Bibliothek;"AK 0527";"Berkeley and Los Angeles";"University of California Press";1970;;YM;;;Wirtschaftswissenschaften;"Internationaler Handel. Zahlungsbilanz und Wechselkurse";;;;;replacefromSwissbib;0996499;27490750X
"Kaufmann Franz-Xaver/Herlth Alois/u.a.";"Verteilungswirkungen sozialer Dienste";3.593.33151.9;92;Druckerzeugnis;"05.12.2003 08:38";"Das Beispiel Kindergarten";Haupt-Bibliothek;"BG 137";"Frankfurt/New York";"Campus Verlag";1982;;YL7;;;Wirtschaftswissenschaften;"Finanzwissenschaft. Betriebswirtschaftliche Steuerlehre";"Finanzpolitik. Fiscal Policy. Finanzwirtschaft und Finanzpolitik einzelner Länder";;;;replacefromSwissbib;0996500;27436235X
IFSt;"Wirtschaft und Finanzen im Ausland - Grossbritannien und Dänemark";-;101;Druckerzeugnis;"05.12.2003 08:38";"IFSt-Heft 066 Bd. 1";Haupt-Bibliothek;-;-;-;-;;YL1;;;Wirtschaftswissenschaften;"Finanzwissenschaft. Betriebswirtschaftliche Steuerlehre";Allgemeines;;;;HSB01duplicate;0999494;0440307
"Frey René L.";"Von der Land- zur Stadtflucht";3.261.04839.5;209;Druckerzeugnis;08.01.2005;"Bestimmungsfaktoren der Bevölkerungswanderungen in der Region Basel";Haupt-Bibliothek;"AJ 283";Bern;"Peter Lang";1981;;YY;;;Wirtschaftswissenschaften;"Regionale Wirtschaftspolitik. Stadtplanung";;;;;bestcase;0200651
"Aaron Henry J.";"Who Pays The Property Tax? A New View";0.8157.0022.9;105;Druckerzeugnis;"05.12.2003 08:38";;Haupt-Bibliothek;"CA 180";"Washington, D. C.";"The Brookings Institution";1975;;YL7;YL8;YL9;Wirtschaftswissenschaften;"Finanzwissenschaft. Betriebswirtschaftliche Steuerlehre";"Finanzpolitik. Fiscal Policy. Finanzwirtschaft und Finanzpolitik einzelner Länder-	Allgemeine Steuerlehre, Steuersystem einzelner Länder-	Betriebswirtschaftliche Steuerlehre";;;;HSB01duplicate;0996502;0363459
"Endres Alfred";Umweltökonomie;3.423.12106.6;178;Druckerzeugnis;22.04.2004;"Eine Einführung";Haupt-Bibliothek;"WD 221";Darmstadt;"Wissenschaftliche Buchgesellschaft";1994;;WD;;;"Uebrige Literatur";"Diverse Gebiete, Umweltschutz";;;;;HSB01duplicate;0996503;0071063
"Michel P.";"Überbauungen Schwabgut und Weiermatt-Mieter";;7;Druckerzeugnis;08.01.2005;;Separata;"AJ Sep. 28";Bern;"Stadt- und Regionalforschungsstelle Bern";1967;;YY;;;Wirtschaftswissenschaften;"Regionale Wirtschaftspolitik. Stadtplanung";;;;;bestcase;0443990
"Sugden Robert";"The Economics of Rights-Co-operation & Welfare";0.631.14449.8;177;Druckerzeugnis;"05.12.2003 08:38";;Haupt-Bibliothek;"AK 1162";Oxford;"Basil Blackwell";1986;;YC;;;Wirtschaftswissenschaften;"Wirtschaftstheorie, einschliesslich Geldtheorie";;;;;bestcase;0042986
"Richter Wolfgang";"Zur Verfassungsmässigkeit von Sonderabgaben";"3 7890 0235 6";174;Druckerzeugnis;05.12.2003;;Haupt-Bibliothek;"JD 123";Baden-Baden;"Nomos Verlagsgesellschaft";1977;;JD;;;"Allgemeine Steuerrechtsliteratur";"Grundsätze der Rechtsanwendung";;;;;replacefromSwissbib;0996505;276249526
"Mückl Wolfgang J.";"Vermögenspolitische Konzepte in der Bundesrepublik Deutschland";3.509.00801.4;112;Druckerzeugnis;10.12.2004;"Analyse der Ziele, Mittel und Wirkungen";Haupt-Bibliothek;"AH 148";Göttingen;"Verlag Otto Schwartz & Co.";1975;;YV;;;Wirtschaftswissenschaften;"Arbeitnehmerfragen (Labor Economics)";;;;;bestcase;0348105
"Krelle Wilhelm";"Erich Preisers Wachstums- und Konjunkturtheorie als einheitliche dynamische Theorie";3.922016.17.0;235-254;Druckerzeugnis;"05.12.2003 08:38";"In: Mückl Wolfgang J., Ott Alfred E. (Hrsg.): Wirtschaftstheorie und Wirtschaftspolitik";Haupt-Bibliothek;-;Passau;"Passavia Universitätsverlag";-;;YB;;;Wirtschaftswissenschaften;"Allgemeines. Methoden der W. Unterrichts- und Ausbildungsmethoden in den W., Wirtschaftspädagogik";;;;;leave;0996506
IFSt;"IFSt-Schrift 394";3-89737-089-1;74;Druckerzeugnis;"05.12.2003 08:38";;Haupt-Bibliothek;"Z 153 394";Bonn;IFSt;2001;;Z;;;Zeitschriften;;;;;;journal
"Boskin Michael J./Wildavsky Aaron";"The Federal Budget Economics and Politics";0-917616-48-0;398;Druckerzeugnis;"05.12.2003 08:38";;Haupt-Bibliothek;"VB 172";"New Brunswick";"Transaction Books";1982;;YL2;;;Wirtschaftswissenschaften;"Finanzwissenschaft. Betriebswirtschaftliche Steuerlehre";"Haushaltsaufstellung, -verwaltung und -kontrolle";;;;HSB01duplicate;0996507;0201772
"Streissler Erich";"Kritik des neoklassischen Gleichgewichtsansatzes als Rechtfertigung marktwirtschaftlicher Ordnungen";"3.16.343161.5 3.16.343162.3";38-69;Druckerzeugnis;"05.12.2003 08:38";"In: Streissler Erich/Watrin Christian (Hrsg.): Zur Theorie marktwirtschaftlicher Ordnungen";Haupt-Bibliothek;-;Tübingen;"J. C. B. Mohr (Paul Siebeck)";-;;YC;;;Wirtschaftswissenschaften;"Wirtschaftstheorie, einschliesslich Geldtheorie";;;;;leave;0996508
"Veröffentlichung der Schweiz. Verwaltungskurse";"Voranschlag und Rechnung der öffentlichen Gemeinwesen";;176;Druckerzeugnis;"05.12.2003 08:38";;Haupt-Bibliothek;"VD 101";Einsiedeln;"Benziger & Co.";1945;;YL2;;;Wirtschaftswissenschaften;"Finanzwissenschaft. Betriebswirtschaftliche Steuerlehre";"Haushaltsaufstellung, -verwaltung und -kontrolle";;;;notfound
"Shultz G.";"Reflections on Political Economy";"0-8014-9860-0 (paperback) 0-8014-0914-4 (cloth)";482-490;Druckerzeugnis;"05.12.2003 08:38";"In: Amacher Ryan C./Tollison Robert D: The Economic Approach to Public Policy";Haupt-Bibliothek;-;London;"Cornell University Press";-;;YQ;;;Wirtschaftswissenschaften;"Spezielle Betriebswirtschaftslehren";;;;;leave;0996510
"Ehrenreich Barbara/Ehrenreich John";"Der medizinisch-industrielle Komplex";"3.462.01059.X 3.462.01060.3";273-282;Druckerzeugnis;"05.12.2003 08:38";"In: Narr-Wolf-Dieter- Offe-Claus (Hrsg.): Wohlfahrtsstaat und Massenloyalität";Haupt-Bibliothek;-;Köln;"Kiepenheuer & Witsch";-;;YC;;;Wirtschaftswissenschaften;"Wirtschaftstheorie, einschliesslich Geldtheorie";;;;;leave;0996511
"Bremer Stuart A.";Weltmodellstudien;3.445.02032.9;240;Druckerzeugnis;08.01.2005;"Wachstumsprobleme und Lösungsmöglichkeiten";Haupt-Bibliothek;"AG 329";Königstein;"Anton Hain";1980;;YN;;;Wirtschaftswissenschaften;"Konjunkturschwankungen, Stabilitätspolitik";;;;;HSB01duplicate;0996512;0354197
IFA;"Cahiers de Droit Fiscal International - Vol. LXXXIIIa (1998)";"90 411 1003 8";900;Druckerzeugnis;"05.12.2003 08:38";"Steuerliche Behandlung von Verlusten bei Körperschaften";Haupt-Bibliothek;"LC 0301 083.1";"The Hague / London / Boston";Kluwer;1998;;LC;;;"Interkantonales/Internationales Steuerrecht";"Internationales Steuerrecht";;;;;journal
"Linder Willi";"Wettbewerb - was ist das?";-;"Nov 41";Druckerzeugnis;"05.12.2003 08:38";"in: ISC (Hrsg.), The Spirit of Competition";Haupt-Bibliothek;-;-;-;-;;WD;;;"Uebrige Literatur";"Diverse Gebiete, Umweltschutz";;;;;leave;0996514
"Ewringmann Dieter/Hansmeyer Karl-Heinrich";"Zur Beurteilung von Subventionen";3.531.02468.X;165;Druckerzeugnis;01.12.2004;"Forschungsberichte des Landes NRW, Nr. 2468";Haupt-Bibliothek;"BC 222";Opladen;"Westdeutscher Verlag";1975;;YL7;;;Wirtschaftswissenschaften;"Finanzwissenschaft. Betriebswirtschaftliche Steuerlehre";"Finanzpolitik. Fiscal Policy. Finanzwirtschaft und Finanzpolitik einzelner Länder";;;;HSB01duplicate;0996515;0363458
"Bernholz Peter";"The International Game of Power: Past-Present and Future";"3.11.009784.2 0.89925.033.5";218;Druckerzeugnis;22.04.2004;"Studies in the Social Sciences No. 42";Haupt-Bibliothek;"WD 191";"Berlin und andere";"Mouton Publication";1985;;WD;;;"Uebrige Literatur";"Diverse Gebiete, Umweltschutz";;;;;HSB01duplicate;0996516;0035086
"Känzig Ernst";"Wehrsteuer (Direkte Bundessteuer) - I. Teil: Art. 1-44 WStB";-;884;Druckerzeugnis;"05.12.2003 08:38";"Einleitung, Wehrsteuerpflicht, Wehrsteuer der natürlichen Personen- Die eidgenössischen Steuern, Zölle und Abgaben, Bd. 4";"HB Steuerrecht";"JC 101 1";Basel;"Verlag für Recht und Gesellschaft AG";1982;;JC;;;"Allgemeine Steuerrechtsliteratur";"Schweizerische Kommentare und Handbücher";;;;;HSB01duplicate;0996517;0049790;"I. Teil: Art. 1-44 WStB";"Einleitung, Wehrsteuerpflicht, Wehrsteuer der natürlichen Personen- Die eidgenössischen Steuern, Zölle und Abgaben, Bd 4"
"Werner Josua";"Wohlstand-Freiheit und Gerechtigkeit";;218;Druckerzeugnis;31.03.2004;"Dissertation der HSG, 1951";Haupt-Bibliothek;"AK 0101";"Zürich und St. Gallen";"Polygraphischer Verlag";1951;;YC;;;Wirtschaftswissenschaften;"Wirtschaftstheorie, einschliesslich Geldtheorie";;;;;notfound
"Sommer Jürg H./Höpflinger François";"Wandel der Lebensformen und soziale Sicherheit in der Schweiz";3.7253.0369.X;137;Druckerzeugnis;31.08.2004;"Forschungsstand und Wissenslücken";Haupt-Bibliothek;"AF 232";Grüsch;Rüegger;1989;;YX;;;Wirtschaftswissenschaften;"Sozialpolitik. Gesundheitswesen. Bildungsökonomie";;;;;HSB01duplicate;0996519;0021002
"Lenk Reinhard";"Zur Schätzung und Beurteilung konjunktureller Wirkungen öffentlicher Haushalte";3.428.04252.2;269;Druckerzeugnis;08.01.2005;;Haupt-Bibliothek;"AG 277";Berlin;"Duncker & Humblot";1979;;YN;;;Wirtschaftswissenschaften;"Konjunkturschwankungen, Stabilitätspolitik";;;;;HSB01duplicate;0996520;0361739
"Westerkowsky Heinz";Verwaltungskosten-Beiträge;;46;Druckerzeugnis;"05.12.2003 08:38";"Kostenanteilsverrechnungen im Haushalt";Separata;"WA Sep. 02";Kronach;"Carl Link";1977;;"WA Sep. 02";;;"Uebrige Literatur";BWL;;;;;leave;0996521
"Derthick Martha";"Uncontrollable spending for social services grants";0.8157.1813.6;139;Druckerzeugnis;08.01.2005;;Haupt-Bibliothek;"AF 146";"Washington, D.C.";"The Brookings Institution";1975;;YX;;;Wirtschaftswissenschaften;"Sozialpolitik. Gesundheitswesen. Bildungsökonomie";;;;;bestcase;0363556
"Schultz T.";"Resources for Higher Education: An Economist's View";"0-8014-9860-0 (paperback) 0-8014-0914-4 (cloth)";132-153;Druckerzeugnis;"05.12.2003 08:38";"In: Amacher Ryan C./Tollison Robert D: The Economic Approach to Public Policy";Haupt-Bibliothek;-;London;"Cornell University Press";-;;YQ;;;Wirtschaftswissenschaften;"Spezielle Betriebswirtschaftslehren";;;;;notfound
OECD;"Trends and Policies in Privatisation";92-64-03879-5;152;Druckerzeugnis;08.01.2005;;Haupt-Bibliothek;"EF 194";Paris;OECD;1993;;YQ;;;Wirtschaftswissenschaften;"Spezielle Betriebswirtschaftslehren";;;;;replacefromSwissbib;0996523;078323835
"Williamson Oliver E.";"The Economic Institutions of Capitalism";0.02.934820.X;408;Druckerzeugnis;"05.12.2003 08:38";"Firms, Markets, Relational Contracting";Haupt-Bibliothek;"AK 1185";"New York";"The Free Press";1985;;YC;;;Wirtschaftswissenschaften;"Wirtschaftstheorie, einschliesslich Geldtheorie";;;;;HSB01duplicate;0996524;0000460
"Wagner Antonin";"Verwaltete Währung Krise und Reform des internationalen Währungssystems unter besonderer Berücksichtigung der Entwicklungsländer";3.258.02479.0;262;Druckerzeugnis;06.09.2004;"Habilitationsschrift der Universität Zürich, Reihe C, Nr. 3, 1977";Haupt-Bibliothek;"AK 0334";Bern;"Paul Haupt";1977;;YM;;;Wirtschaftswissenschaften;"Internationaler Handel. Zahlungsbilanz und Wechselkurse";;;;;bestcase;0365138
"Fromm Gary";"Studies in Public Regulation";"0.262.06074.4 (hard) 0.262.56028.3 (paper)";384;Druckerzeugnis;"05.12.2003 08:38";;Haupt-Bibliothek;"AC 272";Cambridge;"MIT Press";1983;;YL1;;;Wirtschaftswissenschaften;"Finanzwissenschaft. Betriebswirtschaftliche Steuerlehre";Allgemeines;;;;replacefromSwissbib;0996525;271899883
"Spori Peter";"Zur steuersystematischen Realisation";;65-93;Druckerzeugnis;"05.12.2003 08:38";"In: ASA 57 (1988/89), Sondernummer für Ernst Känzig, em. Professor an der Universität Bern zum 80. Geburtstag am 17. August 1988";Haupt-Bibliothek;-;Bern;"Geiger AG";-;;PE;;;"Einkommen- und Vermögensteuern, Ertrag- und Kapitalsteuern";"Einkommen Selbständigerwerbender, Unternehmungsbesteuerung";;;;;replacefromSwissbib;0996526;208840273
"Whynes David";"What is Political Economy?";0.85520.746.9;216;Druckerzeugnis;"05.12.2003 08:38";"Eight Perspectives";Haupt-Bibliothek;"AK 1115";Oxford;"Basil Blackwell";1984;;YC;;;Wirtschaftswissenschaften;"Wirtschaftstheorie, einschliesslich Geldtheorie";;;;;HSB01duplicate;0996527;0201774
"Thürer Daniel/Aubert Jean-François/Müller Jörg Paul";"Verfassungsrecht der Schweiz Droit constitutionnel suisse";"3 7255 4174 4";1450;Druckerzeugnis;"05.12.2003 08:38";;Haupt-Bibliothek;"WB 175";Zürich;"Schulthess Juristische Medien AG";2001;;WB;;;"Uebrige Literatur";"Oeffentliches Recht";;;;;bestcase;0231750
"Minsch Jürg";"Ursachen und Verursacherprinzip im Umweltbereich";;371;Druckerzeugnis;08.01.2005;"Dissertation HSG, 1988";Haupt-Bibliothek;"AJ 347";"St. Gallen";"Wilhelm Surbir";1988;;YY;;;Wirtschaftswissenschaften;"Regionale Wirtschaftspolitik. Stadtplanung";;;;;HSB01duplicate;0996528;0008273
"Meier Ruedi/Walter Felix";"Umweltabgaben für die Schweiz";3.7253.0394.0;224;Druckerzeugnis;"05.12.2003 08:38";"Ein Beitrag zur Ökologisierung von Wirtschaft und Gesellschaft";Haupt-Bibliothek;"GC 109";Chur/Zürich;"Verlag Rüegger AG";1991;;GC;;;Finanzrecht;Kausalabgaben;;;;;HSB01duplicate;0996529;0033156
"Altermatt Bruno";"Verteilungswirkungen der schweizerischen Landwirtschaftspolitik";3.7255.2102.6;295;Druckerzeugnis;06.09.2004;"Basler Dissertation";Haupt-Bibliothek;"AK 0428";Zürich;"Schulthess Polygraphischer Verlag";1981;;YR;;;Wirtschaftswissenschaften;"Gewerbepolitik. Einzelne Wirtschaftszweige";;;;;HSB01duplicate;0996530;0204325
"Arthur Andersen & Co.";"Tax and Trade Guide .....";-;-;Druckerzeugnis;"05.12.2003 08:38";;Haupt-Bibliothek;"KA 313";-;"Arthur Andersen & Co.";1966;;KA;;;"Ausländisches Steuerrecht";"Staatenverbände, Staatengruppen";;;;;notfound
"Kahn Alfred E.";"The Economics of Regulation: Principles and Institutions - Vol. 1";0.471.45430.3;200;Druckerzeugnis;"05.12.2003 08:38";"Vol. 1: Principles";Haupt-Bibliothek;"AK 0170 1";"New York";"John Wiley & Sons, Inc.";1970;;YC;;;Wirtschaftswissenschaften;"Wirtschaftstheorie, einschliesslich Geldtheorie";;;;;HSB01duplicate;0996532;0197260;"Vol. 1";"Vol 1: Principles"
"Denton Geoffrey/O'Cleireacain Seamus/Ash Sally";"Trade Effects of Public Subsidies to Private Enterprise";333.16706.6;283;Druckerzeugnis;06.09.2004;;Haupt-Bibliothek;"AK 0331";London;"The Macmillan Press Ltd.";1975;;YM;;;Wirtschaftswissenschaften;"Internationaler Handel. Zahlungsbilanz und Wechselkurse";;;;;replacefromSwissbib;0996533;272955469
"Meyer Laurence H.";"The Economic Consequences of Government Deficits";0.89838.143.6;235;Druckerzeugnis;"05.12.2003 08:38";;Haupt-Bibliothek;"DA 158";Boston;Kluwer-Nijhoff;1983;;YL2;YL7;;Wirtschaftswissenschaften;"Finanzwissenschaft. Betriebswirtschaftliche Steuerlehre";"Haushaltsaufstellung, -verwaltung und -kontrolle-	Finanzpolitik. Fiscal Policy. Finanzwirtschaft und Finanzpolitik einzelner Länder";;;;replacefromSwissbib;0996534;289002052
"Brown C. V.";"Taxation and Labour Supply";0.04.336073.4;268;Druckerzeugnis;"05.12.2003 08:38";;Haupt-Bibliothek;"AG 339";London;"George Allen & Unwin Ltd";1981;;YN;;;Wirtschaftswissenschaften;"Konjunkturschwankungen, Stabilitätspolitik";;;;;HSB01duplicate;0996535;0358952
"Nachtkamp Hans H./Sinn Gerlinde";"Überlegungen zu einer alternativen Formulierung des konjunkturneutralen öffentlichen Haushalts";3.409.60001.9;79-92;Druckerzeugnis;"05.12.2003 08:38";"In: Mändle-Eduard- Möller-Alex- Voigt-Fritz (Hrsg.): Wirtschaftspolitik in Theorie und Praxis";Haupt-Bibliothek;-;Wiesbaden;"Verlag Dr. Th. Gabler KG";-;;YC;;;Wirtschaftswissenschaften;"Wirtschaftstheorie, einschliesslich Geldtheorie";;;;;leave;0996536
"Weidmann Heinz/Grossmann Benno/Zigerlig Rainer";"Wegweiser durch das st.gallische Steuerrecht";"3 85621 144 6";582;Druckerzeugnis;"05.12.2003 08:38";"6. A.";Haupt-Bibliothek;"JC 208 6.1";Muri-Bern;"Cosmos Verlag AG";1999;;JC;;;"Allgemeine Steuerrechtsliteratur";"Schweizerische Kommentare und Handbücher";;;;;bestcase;0166034
"Jaeger Franz/Schips Bernd";"Zur ökonomischen Analyse einer Staatsverschuldung";3.7253.0129.8;100;Druckerzeugnis;10.09.2003;"ergänzt durch eine beispielhafte Untersuchung der Verhältnisse in der Schweiz";Haupt-Bibliothek;"DA 137";Diessenhofen;"Verlag Rüegger";1980;;YL2;YL7;;Wirtschaftswissenschaften;"Finanzwissenschaft. Betriebswirtschaftliche Steuerlehre";"Haushaltsaufstellung, -verwaltung und -kontrolle-	Finanzpolitik. Fiscal Policy. Finanzwirtschaft und Finanzpolitik einzelner Länder";;;;bestcase;0204717
"Willmott Peter";"Manpower and Education";-;44-69;Druckerzeugnis;"05.12.2003 08:38";"In: Cowan-Peter: The Future of Planning";Haupt-Bibliothek;-;-;-;-;;YL2;;;Wirtschaftswissenschaften;"Finanzwissenschaft. Betriebswirtschaftliche Steuerlehre";"Haushaltsaufstellung, -verwaltung und -kontrolle";;;;leave;0996537
"Glaser Hermann";Urbanistik;"3.406.04915 X";250;Druckerzeugnis;08.01.2005;"Neue Aspekte der Stadtentwicklung";Haupt-Bibliothek;"AJ 250";München;"Verlag C.H. Beck";1974;;YY;;;Wirtschaftswissenschaften;"Regionale Wirtschaftspolitik. Stadtplanung";;;;;HSB01duplicate;0996538;0346843
"Kunze Jürgen";"Umweltschutz-Investitionen und Wirtschaftswachstum";3.503.01110.2;48;Druckerzeugnis;08.01.2005;"Die Eignung des Bruttosozialprodukts als Wachstumsindikator unter dem Aspekt der Umweltbelastung und verstärkter Massnahmen zum Umweltschutz";Haupt-Bibliothek;"AJ 254";Berlin;"Erich Schmidt Verlag";1975;;YY;;;Wirtschaftswissenschaften;"Regionale Wirtschaftspolitik. Stadtplanung";;;;;reimportFromSwissbib;0996539;273589121
"Hagemann Harald/Jeck Albert";"Wachstum und Einkommensverteilung. Strukturanalyse auf der Basis eines dreisektoralen Modells vom Lowe-Feldmann-Dobb-Typ";3.922016.17.0;99-124;Druckerzeugnis;"05.12.2003 08:38";"In: Mückl Wolfgang J., Ott Alfred E. (Hrsg.): Wirtschaftstheorie und Wirtschaftspolitik";Haupt-Bibliothek;-;Passau;"Passavia Universitätsverlag";-;;YB;;;Wirtschaftswissenschaften;"Allgemeines. Methoden der W. Unterrichts- und Ausbildungsmethoden in den W., Wirtschaftspädagogik";;;;;leave;0996540
IFSt;"IFSt-Heft 066 - Bd. 2";-;118;Druckerzeugnis;"05.12.2003 08:38";;Haupt-Bibliothek;"Z 152 066.2";Bonn;"Verlag Stollberg";1963;;Z;;;Zeitschriften;;;;;;journal
"Sullivan K.";"The Search for Tax Principles in the European Economic Community";;96;Druckerzeugnis;10.09.2003;;Haupt-Bibliothek;"CA 171";Cambridge;"The Law School of Harvard University";1963;;YL7;YL8;YL9;Wirtschaftswissenschaften;"Finanzwissenschaft. Betriebswirtschaftliche Steuerlehre";"Finanzpolitik. Fiscal Policy. Finanzwirtschaft und Finanzpolitik einzelner Länder-	Allgemeine Steuerlehre, Steuersystem einzelner Länder-	Betriebswirtschaftliche Steuerlehre";;;;HSB01duplicate;0996541;0360757
"Leist Matthias";"Verfassungsrechtliche Schranken des steuerlichen Auskunfts- und Informationsverkehrs";3-631-35130-5;420;Druckerzeugnis;05.12.2003;;Haupt-Bibliothek;"JD 148";"Frankfurt am Main / Berlin / Bern / Brüssel / New York / Wien";"Peter Lang- Europäischer Verlag der Wissenschaften";2000;;JD;;;"Allgemeine Steuerrechtsliteratur";"Grundsätze der Rechtsanwendung";;;;;reimportFromSwissbib;0996542;297744356
"Goode Richard";"The Individual Income Tax";0.8157.3198.1;339;Druckerzeugnis;"05.12.2003 08:38";;Haupt-Bibliothek;"CA 187";Washington;"The Brookings Institution";1976;;YL7;YL8;YL9;Wirtschaftswissenschaften;"Finanzwissenschaft. Betriebswirtschaftliche Steuerlehre";"Finanzpolitik. Fiscal Policy. Finanzwirtschaft und Finanzpolitik einzelner Länder-	Allgemeine Steuerlehre, Steuersystem einzelner Länder-	Betriebswirtschaftliche Steuerlehre";;;;HSB01duplicate;0996543;0365130
"Neumark Fritz";"Wirtschafts- und Finanzprobleme des Interventionsstaates";;408;Druckerzeugnis;"05.12.2003 08:38";;Haupt-Bibliothek;"AC 102";Tübingen;J.C.B.Mohr;1961;;YL1;;;Wirtschaftswissenschaften;"Finanzwissenschaft. Betriebswirtschaftliche Steuerlehre";Allgemeines;;;;HSB01duplicate;0996544;0204629
"Levitt M. S./Treasury H. M.";"Problems of Efficiency";0.04.330213.0;"33 bis 41";Druckerzeugnis;"05.12.2003 08:38";"In: Hauser M.M. (Hrsg.): The Economics of Medical Care";Haupt-Bibliothek;-;London;"George Allen and Unwin Ltd.";-;;YL7;;;Wirtschaftswissenschaften;"Finanzwissenschaft. Betriebswirtschaftliche Steuerlehre";"Finanzpolitik. Fiscal Policy. Finanzwirtschaft und Finanzpolitik einzelner Länder";;;;leave;0996545
"Veit Otto";"Währungspolitik als Kunst des Unmöglichen";;229;Druckerzeugnis;06.09.2004;"Zwölf Vorträge";Haupt-Bibliothek;"AK 0225";"Frankfurt a.M.";"Fritz Knapp Verlag";1968;;YK;;;Wirtschaftswissenschaften;"Geld, Kredit- und Bankwesen. Bankbetriebslehre";;;;;HSB01duplicate;0996546;0360525
"Altorfer Werner";"'Secondary Adjustment' und Verrechnungssteuer";"3 7272 9220 2";547-560;Druckerzeugnis;"05.12.2003 08:38";"In: Reich, M. & Zweifel, M., (Hrsg.): Das schweizerische Steuerrecht - Eine Standortbestimmung Festschrift zum 70. Geburtstag von Prof. Dr. Ferdinand Zuppinger";Haupt-Bibliothek;-;Bern;"Stämpfli & Cie AG";-;;LC;;;"Interkantonales/Internationales Steuerrecht";"Internationales Steuerrecht";;;;;replacefromSwissbib;0996547;270315713
EG-Kommission;"Zehn Jahre Verbraucherpolitik der Gemeinschaft";92.825.5379.5;127;Druckerzeugnis;"05.12.2003 08:38";"Ein Beitrag zum Europa der Bürger";Haupt-Bibliothek;"FB 152";Luxemburg;EG;1985;;YL5;YM;;Wirtschaftswissenschaften;"Finanzwissenschaft. Betriebswirtschaftliche Steuerlehre-	Internationaler Handel. Zahlungsbilanz und Wechselkurse";"Finanzwirtschaft supranationaler Behörden";;;;leave;0996548
"Staatskanzlei Obwalden";"Verwaltungsentscheide des Kantons Obwalden 1966-1970";-;236;Druckerzeugnis;22.10.2003;;Haupt-Bibliothek;"HB 206 01";Sarnen;"Staatskanzlei Obwalden";1971;;HB;;;"Schweizerische Steuer-Gesetzgebung und -Judikatur";"Judikatur, Entscheidungssammlungen (Bund, einzelne Kantone)";;;;;HSB01duplicate;0996549;0037144
