replacefromSwissbib;997628;128959622
journal;;
leave;997629;
journal;;
bestcase;548417;
journal;;
HSB01duplicate;997630;649349
HSB01duplicate;997631;125561
journal;;
HSB01duplicate;997632;92509
HSB01duplicate;997633;88264
bestcase;126276;
journal;;
HSB01duplicate;997634;148105
HSB01duplicate;997635;99341
replacefromSwissbib;997636;298939223
bestcase;125877;
replacefromSwissbib;997637;411684450
leave;997638;
leave;997639;
leave;997640;
HSB01duplicate;997641;128825
leave;997642;
notfound;;
journal;;
bestcase;140545;
leave;997644;
HSB01duplicate;997645;99583
leave;997646;
HSB01duplicate;997647;125638
bestcase;99961;
leave;997648;
HSB01duplicate;997649;125572
leave;997650;
bestcase;44612;
bestcase;244929;
bestcase;11485;
journal;;
bestcase;994832;
bestcase;446039;
journal;;
journal;;
journal;;
journal;;
journal;;
journal;;
journal;;
journal;;
journal;;
journal;;
journal;;
journal;;
journal;;
journal;;
HSB01duplicate;997651;455144
journal;;
journal;;
journal;;
journal;;
journal;;
journal;;
journal;;
journal;;
bestcase;449151;
journal;;
journal;;
journal;;
journal;;
journal;;
journal;;
bestcase;516063;
journal;;
journal;;
journal;;
journal;;
journal;;
journal;;
journal;;
journal;;
replacefromSwissbib;997654;274755149
replacefromSwissbib;996805;275330524
journal;;
journal;;
replacefromSwissbib;996699;27608103X
replacefromSwissbib;997655;274229757
replacefromSwissbib;997656;274335999
replacefromSwissbib;996569;275614638
replacefromSwissbib;4650;535332831
journal;;
journal;;
journal;;
journal;;
journal;;
journal;;
journal;;
journal;;
journal;;
journal;;
journal;;
journal;;
journal;;
journal;;
journal;;
journal;;
journal;;
journal;;
journal;;
journal;;
journal;;
journal;;
journal;;
journal;;
journal;;
journal;;
journal;;
journal;;
journal;;
journal;;
journal;;
journal;;
journal;;
journal;;
journal;;
journal;;
journal;;
journal;;
journal;;
journal;;
journal;;
journal;;
journal;;
journal;;
journal;;
journal;;
journal;;
journal;;
journal;;
journal;;
journal;;
journal;;
journal;;
journal;;
iff_doc_missing;CSV line 143;333428102
journal;;
journal;;
journal;;
journal;;
journal;;
journal;;
journal;;
journal;;
journal;;
journal;;
journal;;
journal;;
journal;;
journal;;
journal;;
journal;;
journal;;
journal;;
journal;;
journal;;
journal;;
journal;;
journal;;
journal;;
journal;;
journal;;
journal;;
journal;;
journal;;
journal;;
journal;;
journal;;
journal;;
journal;;
journal;;
journal;;
journal;;
journal;;
journal;;
journal;;
journal;;
journal;;
journal;;
journal;;
journal;;
iff_doc_missing;CSV line 189;34251863
journal;;
journal;;
journal;;
journal;;
journal;;
journal;;
journal;;
journal;;
journal;;
journal;;
journal;;
journal;;
journal;;
bestcase;440138;
journal;;
journal;;
journal;;
journal;;
journal;;
journal;;
bestcase;307107;
journal;;
journal;;
journal;;
journal;;
leave;997659;
journal;;
journal;;
journal;;
journal;;
journal;;
journal;;
journal;;
journal;;
journal;;
journal;;
journal;;
HSB01duplicate;997660;534220
journal;;
journal;;
journal;;
journal;;
journal;;
journal;;
journal;;
journal;;
journal;;
journal;;
journal;;
journal;;
journal;;
journal;;
journal;;
journal;;
journal;;
journal;;
bestcase;4000;
journal;;
journal;;
journal;;
bestcase;489299;
journal;;
journal;;
journal;;
journal;;
journal;;
journal;;
journal;;
notfound;;
journal;;
journal;;
journal;;
journal;;
journal;;
leave;997662;
journal;;
journal;;
journal;;
journal;;
journal;;
journal;;
HSB01duplicate;991705;198545
journal;;
journal;;
journal;;
journal;;
journal;;
bestcase;181516;
journal;;
journal;;
journal;;
journal;;
bestcase;358787;
journal;;
journal;;
journal;;
bestcase;359210;
journal;;
journal;;
journal;;
journal;;
journal;;
journal;;
journal;;
journal;;
journal;;
journal;;
journal;;
journal;;
journal;;
journal;;
journal;;
journal;;
bestcase;530820;
journal;;
journal;;
journal;;
journal;;
journal;;
journal;;
HSB01duplicate;992800;542265
journal;;
journal;;
journal;;
journal;;
journal;;
journal;;
journal;;
journal;;
replacefromSwissbib;997664;362654654
journal;;
journal;;
journal;;
journal;;
journal;;
journal;;
HSB01duplicate;997665;298018
HSB01duplicate;997666;564617
journal;;
journal;;
journal;;
journal;;
journal;;
journal;;
journal;;
bestcase;492625;
journal;;
journal;;
journal;;
journal;;
journal;;
journal;;
journal;;
journal;;
journal;;
journal;;
journal;;
journal;;
journal;;
journal;;
journal;;
replacefromSwissbib;997667;30955947
journal;;
journal;;
journal;;
journal;;
journal;;
journal;;
journal;;
journal;;
journal;;
journal;;
journal;;
journal;;
journal;;
journal;;
journal;;
journal;;
journal;;
journal;;
journal;;
journal;;
journal;;
journal;;
journal;;
journal;;
journal;;
bestcase;532567;
journal;;
journal;;
journal;;
journal;;
bestcase;518810;
journal;;
journal;;
journal;;
journal;;
journal;;
journal;;
journal;;
journal;;
journal;;
journal;;
journal;;
journal;;
journal;;
journal;;
journal;;
journal;;
journal;;
journal;;
journal;;
journal;;
journal;;
journal;;
journal;;
journal;;
journal;;
journal;;
journal;;
journal;;
journal;;
journal;;
journal;;
journal;;
journal;;
journal;;
journal;;
journal;;
journal;;
journal;;
journal;;
journal;;
replacefromSwissbib;997668;278906680
journal;;
journal;;
journal;;
bestcase;526259;
journal;;
journal;;
journal;;
journal;;
journal;;
journal;;
journal;;
bestcase;525330;
journal;;
journal;;
journal;;
journal;;
journal;;
journal;;
journal;;
journal;;
journal;;
journal;;
journal;;
journal;;
journal;;
journal;;
journal;;
journal;;
journal;;
journal;;
journal;;
journal;;
journal;;
journal;;
journal;;
journal;;
journal;;
journal;;
journal;;
journal;;
journal;;
journal;;
bestcase;483277;
journal;;
journal;;
journal;;
journal;;
journal;;
journal;;
journal;;
journal;;
journal;;
journal;;
journal;;
journal;;
journal;;
journal;;
journal;;
journal;;
journal;;
iff_doc_missing;CSV line 484;359832903
journal;;
journal;;
journal;;
journal;;
reimportFromSwissbib;997671;515922749
journal;;
journal;;
HSB01duplicate;997673;224226
journal;;
journal;;
HSB01duplicate;996389;23218
journal;;
journal;;
journal;;
bestcase;298019;
notfound;;
journal;;
notfound;;
notfound;;
journal;;
HSB01duplicate;997681;563416
journal;;
notfound;;
journal;;
journal;;
notfound;;
journal;;
journal;;
replacefromSwissbib;992349;152302298
journal;;
leave;997686;
journal;;
journal;;
bestcase;598347;
bestcase;570298;
journal;;
bestcase;16854;
leave;997689;
HSB01duplicate;997690;203963
bestcase;140174;
notfound;;
HSB01duplicate;997692;9398
leave;997693;
journal;;
bestcase;7940;
bestcase;125988;
replacefromSwissbib;997694;94711143
leave;997695;
leave;997696;
leave;997697;
leave;997698;
leave;997699;
bestcase;125815;
HSB01duplicate;997700;125385
bestcase;274208;
iff_doc_missing;CSV line 540;294257543
notfound;;
bestcase;126760;
replacefromSwissbib;997703;261837745
leave;997704;
leave;997705;
leave;997706;
bestcase;6500;
leave;997707;
reimportFromSwissbib;997708;51476788X
leave;997709;
leave;997710;
leave;997711;
replacefromSwissbib;997712;240467558
bestcase;997713;
replacefromSwissbib;997714;27659746X
leave;997715;
notfound;;
leave;997717;
replacefromSwissbib;997718;269185577
leave;997719;
bestcase;25871;
leave;997720;
leave;997721;
notfound;;
leave;997723;
leave;997724;
replacefromSwissbib;997712;240467558
leave;997725;
bestcase;99905;
bestcase;71580;
leave;997726;
reimportFromSwissbib;997727;27659780X
leave;997728;
replacefromSwissbib;997729;210425229
journal;;
leave;997730;
HSB01duplicate;997731;652762
HSB01duplicate;997732;6112
journal;;
journal;;
HSB01duplicate;997733;295661
reimportFromSwissbib;997734;271556471
HSB01duplicate;997735;99120
journal;;
HSB01duplicate;997736;21204
bestcase;59544;
bestcase;140174;
iff_doc_missing;CSV line 588;158351592
bestcase;99282;
replacefromSwissbib;997738;182339114
journal;;
notfound;;
bestcase;99606;
bestcase;99473;
bestcase;162775;
HSB01duplicate;997739;127245
iff_doc_missing;CSV line 597;240473035
bestcase;139123;
bestcase;99960;
leave;997741;
replacefromSwissbib;997742;350804168
HSB01duplicate;997743;99328
leave;997744;
bestcase;361950;
leave;997745;
leave;997746;
leave;997747;
HSB01duplicate;997748;60644
replacefromSwissbib;997749;273769235
reimportFromSwissbib;997750;282012362
bestcase;350593;
HSB01duplicate;997751;99719
bestcase;85520;
bestcase;3990;
bestcase;3990;
replacefromSwissbib;997752;276605233
reimportFromSwissbib;997753;515930695
replacefromSwissbib;997754;276621689
leave;997755;
leave;997756;
iff_doc_missing;CSV line 621;83281347
iff_doc_missing;CSV line 622;280510217
HSB01duplicate;997757;127632
HSB01duplicate;997758;252606
replacefromSwissbib;997759;240467590
HSB01duplicate;997760;127031
bestcase;40145;
HSB01duplicate;997761;204636
HSB01duplicate;997762;16346
journal;;
HSB01duplicate;997764;99449
leave;997765;
leave;997766;
bestcase;348430;
HSB01duplicate;997767;276868
HSB01duplicate;997768;135691
bestcase;99722;
leave;997769;
leave;997770;
leave;997771;
notfound;;
leave;997773;
bestcase;116029;
leave;997774;
leave;997775;
bestcase;997776;
HSB01duplicate;997777;241415
leave;997778;
journal;;
bestcase;204633;
iff_doc_missing;CSV line 651;523016743
iff_doc_missing;CSV line 652;523016743
iff_doc_missing;CSV line 653;523016743
iff_doc_missing;CSV line 654;523016743
iff_doc_missing;CSV line 655;523016743
iff_doc_missing;CSV line 656;523016743
iff_doc_missing;CSV line 657;523016743
iff_doc_missing;CSV line 658;523016743
iff_doc_missing;CSV line 659;523016743
iff_doc_missing;CSV line 660;523016743
iff_doc_missing;CSV line 661;523016743
iff_doc_missing;CSV line 662;159669693
iff_doc_missing;CSV line 663;523016743
iff_doc_missing;CSV line 664;294257578
iff_doc_missing;CSV line 665;523016743
iff_doc_missing;CSV line 666;523016743
iff_doc_missing;CSV line 667;523016743
iff_doc_missing;CSV line 668;523016743
iff_doc_missing;CSV line 669;523016743
iff_doc_missing;CSV line 670;523016743
iff_doc_missing;CSV line 671;523016743
iff_doc_missing;CSV line 672;523016743
iff_doc_missing;CSV line 673;523016743
iff_doc_missing;CSV line 674;165260297
iff_doc_missing;CSV line 675;523016743
iff_doc_missing;CSV line 676;523016743
iff_doc_missing;CSV line 677;523016743
bestcase;9886;
iff_doc_missing;CSV line 679;523016743
iff_doc_missing;CSV line 680;523016743
iff_doc_missing;CSV line 681;523016743
iff_doc_missing;CSV line 682;523016743
iff_doc_missing;CSV line 683;523016743
leave;994318;
bestcase;442109;
iff_doc_missing;CSV line 686;523016743
leave;994318;
iff_doc_missing;CSV line 688;523016743
iff_doc_missing;CSV line 689;523016743
iff_doc_missing;CSV line 690;523016743
leave;994318;
bestcase;99481;
HSB01duplicate;997782;99738
journal;;
leave;997784;
bestcase;125749;
leave;994318;
notfound;;
replacefromSwissbib;997786;277818680
HSB01duplicate;997787;99684
bestcase;97294;
leave;997788;
bestcase;125670;
bestcase;126752;
HSB01duplicate;997789;99826
replacefromSwissbib;997790;341859095
leave;997791;
leave;997792;
leave;997793;
leave;997794;
reimportFromSwissbib;997795;514750081
iff_doc_missing;CSV line 712;523016743
leave;997796;
leave;997793;
leave;997797;
journal;;
leave;997793;
leave;997799;
leave;997793;
bestcase;346052;
leave;997793;
leave;997799;
leave;997799;
HSB01duplicate;997800;86592
HSB01duplicate;997812;279076
leave;997802;
leave;997803;
HSB01duplicate;997804;99804
leave;997805;
bestcase;99980;
HSB01duplicate;997806;99509
HSB01duplicate;997807;62815
bestcase;13207;
journal;;
HSB01duplicate;997808;98892
leave;997809;
HSB01duplicate;997812;279076
leave;997811;
HSB01duplicate;997812;279076
bestcase;100163;
journal;;
replacefromSwissbib;997813;240472632
leave;997814;
HSB01duplicate;997815;17235
replacefromSwissbib;997816;544242831
HSB01duplicate;997817;99958
leave;997818;
HSB01duplicate;997819;17485
replacefromSwissbib;997813;240472632
leave;997820;
HSB01duplicate;997821;73852
notfound;;
reimportFromSwissbib;997823;515922498
iff_doc_missing;CSV line 754;483947822
iff_doc_missing;CSV line 755;483947822
HSB01duplicate;997825;105642
reimportFromSwissbib;997826;297658689
HSB01duplicate;997827;350076
bestcase;99818;
iff_doc_missing;CSV line 760;523016743
leave;997828;
reimportFromSwissbib;997829;289713943
iff_doc_missing;CSV line 763;523016743
HSB01duplicate;997830;269956
reimportFromSwissbib;997831;294662766
bestcase;309217;
bestcase;361102;
iff_doc_missing;CSV line 768;523016743
iff_doc_missing;CSV line 769;523016743
iff_doc_missing;CSV line 770;523016743
iff_doc_missing;CSV line 771;523016743
iff_doc_missing;CSV line 772;523016743
iff_doc_missing;CSV line 773;523016743
leave;997832;
notfound;;
leave;997834;
replacefromSwissbib;997835;359058604
notfound;;
leave;997837;
leave;997838;
leave;997839;
reimportFromSwissbib;997840;26781626X
notfound;;
HSB01duplicate;997842;125367
bestcase;99486;
bestcase;125850;
notfound;;
HSB01duplicate;997844;183285
notfound;;
replacefromSwissbib;997846;281227934
HSB01duplicate;997847;100493
bestcase;99472;
unsure;;
iff_doc_missing;CSV line 794;282684506
notfound;;
replacefromSwissbib;997850;284730173
reimportFromSwissbib;997851;281227977
iff_doc_missing;CSV line 798;440270111
iff_doc_missing;CSV line 799;292552254
iff_doc_missing;CSV line 800;290180635
bestcase;126278;
leave;997854;
reimportFromSwissbib;997855;265305381
replacefromSwissbib;997856;434976970
iff_doc_missing;CSV line 805;440270111
replacefromSwissbib;997857;280717407
HSB01duplicate;997858;11400
bestcase;7988;
replacefromSwissbib;997859;275022099
replacefromSwissbib;997860;296132497
leave;997861;
HSB01duplicate;997862;126383
replacefromSwissbib;997863;344529746
bestcase;127617;
HSB01duplicate;997864;357458
replacefromSwissbib;997865;240886631
HSB01duplicate;997866;26578
bestcase;349450;
bestcase;356179;
leave;997867;
HSB01duplicate;997868;349648
HSB01duplicate;997869;349296
bestcase;99856;
HSB01duplicate;997870;99934
HSB01duplicate;997871;125462
leave;997872;
bestcase;99930;
reimportFromSwissbib;997873;29892465X
bestcase;51821;
reimportFromSwissbib;997874;27156105X
leave;997875;
bestcase;99939;
journal;;
replacefromSwissbib;997876;147699274
HSB01duplicate;997877;126373
replacefromSwissbib;997878;265022215
bestcase;99465;
HSB01duplicate;997879;125787
bestcase;99971;
leave;997880;
journal;;
replacefromSwissbib;997882;147917174
leave;997883;
leave;997884;
bestcase;126370;
HSB01duplicate;997885;125851
journal;;
replacefromSwissbib;997887;232513325
HSB01duplicate;997888;652610
bestcase;125480;
HSB01duplicate;997889;125577
HSB01duplicate;997890;125839
reimportFromSwissbib;997891;271548169
leave;997892;
reimportFromSwissbib;997893;27598611X
HSB01duplicate;997894;92521
HSB01duplicate;997895;125781
HSB01duplicate;997896;137066
leave;997897;
journal;;
bestcase;126643;
journal;;
iff_doc_missing;CSV line 863;31593534
iff_doc_missing;CSV line 864;277859840
leave;997899;
bestcase;19016;
journal;;
notfound;;
iff_doc_missing;CSV line 869;31594166
iff_doc_missing;CSV line 870;49560751
reimportFromSwissbib;997901;407868607
leave;997902;
unsure;;
reimportFromSwissbib;997903;404616267
leave;997904;
replacefromSwissbib;997905;17885283X
HSB01duplicate;997906;127623
HSB01duplicate;997907;125902
journal;;
journal;;
leave;997909;
leave;997910;
reimportFromSwissbib;997911;515929468
leave;997912;
journal;;
journal;;
leave;997915;
leave;997916;
bestcase;7536;
replacefromSwissbib;997917;240468015
HSB01duplicate;997918;125978
leave;997919;
bestcase;14613;
leave;997920;
leave;997921;
notfound;;
replacefromSwissbib;997923;216708907
leave;997924;
replacefromSwissbib;997925;532220722
reimportFromSwissbib;997926;514763493
notfound;;
leave;997928;
bestcase;155435;
leave;997929;
bestcase;58760;
HSB01duplicate;997930;86626
iff_doc_missing;CSV line 907;284206113
leave;997931;
leave;997932;
leave;997933;
bestcase;204708;
leave;997932;
replacefromSwissbib;997934;77035992
replacefromSwissbib;997925;532220722
iff_doc_missing;CSV line 915;326054405
leave;997935;
replacefromSwissbib;997936;209263296
reimportFromSwissbib;997937;266205852
HSB01duplicate;997938;358642
leave;997924;
bestcase;68321;
replacefromSwissbib;997939;217970672
leave;997940;
bestcase;26380;
HSB01duplicate;997941;63051
leave;997942;
HSB01duplicate;997943;91876
leave;997944;
reimportFromSwissbib;997945;271552352
journal;;
bestcase;7985;
replacefromSwissbib;997946;240473809
leave;997625;
notfound;;
leave;997948;
leave;997625;
leave;997625;
leave;997950;
notfound;;
leave;997952;
leave;997625;
leave;997625;
leave;997625;
leave;997625;
leave;997625;
leave;997625;
leave;997625;
leave;997625;
leave;997953;
leave;997954;
leave;997625;
leave;997625;
reimportFromSwissbib;997955;515899208
leave;997916;
leave;997916;
leave;997916;
leave;997956;
leave;997920;
HSB01duplicate;997957;24069
leave;997958;
leave;997959;
journal;;
reimportFromSwissbib;997961;515929719
leave;997962;
notfound;;
notfound;;
notfound;;
leave;997966;
reimportFromSwissbib;997967;411789708
notfound;;
journal;;
HSB01duplicate;997970;91873
leave;997971;
replacefromSwissbib;993803;136088295
journal;;
journal;;
replacefromSwissbib;997974;204463416
journal;;
bestcase;99304;
iff_doc_missing;CSV line 980;265829046
leave;997977;
HSB01duplicate;997978;126486
reimportFromSwissbib;997979;271558105
leave;997980;
bestcase;136417;
journal;;
journal;;
journal;;
leave;997984;
replacefromSwissbib;997985;271554398
bestcase;532545;
replacefromSwissbib;997987;208960465
iff_doc_missing;CSV line 993;03123125X
journal;;
replacefromSwissbib;997989;545835836
leave;997990;
HSB01duplicate;997991;126415
reimportFromSwissbib;997992;26493671X
leave;997993;
replacefromSwissbib;997994;276622359
HSB01duplicate;997995;99755
leave;997996;
journal;;
leave;997998;
leave;997999;
HSB01duplicate;998000;34858
HSB01duplicate;998001;126410
bestcase;241875;
HSB01duplicate;998002;652839
HSB01duplicate;998003;126343
HSB01duplicate;998004;34821
bestcase;57091;
replacefromSwissbib;998005;281390363
bestcase;125443;
iff_doc_missing;CSV line 1015;316217158
journal;;
leave;998007;
journal;;
leave;998009;
leave;998010;
journal;;
journal;;
journal;;
notfound;;
journal;;
journal;;
reimportFromSwissbib;998014;51592959X
journal;;
notfound;;
HSB01duplicate;998015;13975
notfound;;
bestcase;63146;
notfound;;
bestcase;32369;
journal;;
bestcase;8463;
HSB01duplicate;998019;998665
bestcase;183343;
journal;;
journal;;
HSB01duplicate;998022;104660
leave;998023;
leave;998024;
bestcase;348458;
HSB01duplicate;998025;653053
HSB01duplicate;998026;185863
HSB01duplicate;998027;4008
HSB01duplicate;998028;67204
replacefromSwissbib;998029;296681687
journal;;
journal;;
replacefromSwissbib;998032;212917218
leave;998033;
HSB01duplicate;998034;99735
leave;998035;
HSB01duplicate;998036;79429
HSB01duplicate;998037;45464
HSB01duplicate;998038;126572
HSB01duplicate;998039;55237
journal;;
journal;;
reimportFromSwissbib;998042;51592587X
HSB01duplicate;998043;96064
HSB01duplicate;998044;154964
leave;998045;
HSB01duplicate;998046;99135
iff_doc_missing;CSV line 1067;274215829
bestcase;185083;
HSB01duplicate;998047;94631
leave;998048;
HSB01duplicate;998049;56722
replacefromSwissbib;998050;128548436
iff_doc_missing;CSV line 1073;35998938
replacefromSwissbib;998052;27142138X
iff_doc_missing;CSV line 1075;07495914X
bestcase;126473;
journal;;
iff_doc_missing;CSV line 1078;34183175
HSB01duplicate;998056;38335
iff_doc_missing;CSV line 1080;421638060
iff_doc_missing;CSV line 1081;03599889X
leave;998059;
notfound;;
leave;998060;
reimportFromSwissbib;998061;515923729
leave;998062;
journal;;
journal;;
replacefromSwissbib;997859;275022099
HSB01duplicate;998065;3046
replacefromSwissbib;998066;283249188
leave;998067;
notfound;;
journal;;
bestcase;126369;
replacefromSwissbib;998070;277303133
journal;;
HSB01duplicate;998072;98894
journal;;
journal;;
journal;;
journal;;
journal;;
journal;;
bestcase;99540;
journal;;
journal;;
replacefromSwissbib;998080;110411870
notfound;;
journal;;
journal;;
HSB01duplicate;998083;99699
journal;;
bestcase;100036;
journal;;
leave;998086;
replacefromSwissbib;998087;502817399
leave;998088;
HSB01duplicate;998089;126617
leave;998090;
HSB01duplicate;998091;99650
journal;;
journal;;
bestcase;358346;
journal;;
bestcase;99390;
bestcase;99207;
journal;;
leave;998096;
notfound;;
journal;;
journal;;
HSB01duplicate;998100;126392
bestcase;504576;
bestcase;126451;
HSB01duplicate;998103;99899
bestcase;99932;
leave;998104;
bestcase;29271;
leave;998105;
replacefromSwissbib;998106;136692605
replacefromSwissbib;998107;280826176
HSB01duplicate;998108;99860
reimportFromSwissbib;998109;51592394X
bestcase;99937;
HSB01duplicate;998110;2091
replacefromSwissbib;998111;142950025
reimportFromSwissbib;998112;261741187
leave;998113;
replacefromSwissbib;998114;95264531
HSB01duplicate;998115;126619
journal;;
bestcase;99663;
journal;;
notfound;;
leave;998118;
notfound;;
notfound;;
leave;998121;
leave;991670;
leave;991670;
journal;;
leave;991670;
leave;991670;
leave;998122;
bestcase;125867;
leave;991670;
leave;991670;
leave;991670;
leave;991670;
leave;998123;
iff_doc_missing;CSV line 1172;265829054
HSB01duplicate;998125;125477
leave;998126;
leave;991670;
journal;;
leave;998127;
leave;998128;
leave;998129;
leave;998130;
notfound;;
leave;998132;
journal;;
iff_doc_missing;CSV line 1184;346084008
leave;991670;
leave;998134;
bestcase;361286;
journal;;
journal;;
journal;;
journal;;
journal;;
journal;;
journal;;
journal;;
journal;;
journal;;
journal;;
journal;;
journal;;
journal;;
journal;;
journal;;
journal;;
journal;;
journal;;
journal;;
journal;;
journal;;
journal;;
journal;;
journal;;
journal;;
journal;;
journal;;
notfound;;
journal;;
iff_doc_missing;CSV line 1218;541537393
journal;;
journal;;
journal;;
leave;998136;
journal;;
journal;;
journal;;
journal;;
journal;;
journal;;
journal;;
journal;;
journal;;
journal;;
journal;;
journal;;
journal;;
journal;;
journal;;
journal;;
journal;;
journal;;
journal;;
journal;;
journal;;
journal;;
journal;;
journal;;
journal;;
journal;;
journal;;
journal;;
journal;;
journal;;
journal;;
journal;;
journal;;
journal;;
journal;;
leave;998138;
journal;;
journal;;
leave;991670;
notfound;;
notfound;;
HSB01duplicate;998141;100899
leave;998142;
leave;991670;
bestcase;350213;
leave;991670;
leave;991670;
leave;991670;
leave;991670;
leave;991670;
leave;991670;
leave;991670;
leave;991670;
leave;991670;
leave;991670;
leave;998143;
notfound;;
notfound;;
leave;998144;
iff_doc_missing;CSV line 1282;298973928
iff_doc_missing;CSV line 1283;298973928
iff_doc_missing;CSV line 1284;33436819
notfound;;
leave;998146;
iff_doc_missing;CSV line 1287;298973928
bestcase;83970;
notfound;;
HSB01duplicate;998149;126417
HSB01duplicate;998150;75731
leave;998151;
reimportFromSwissbib;998152;269194657
bestcase;204646;
replacefromSwissbib;998154;268617791
leave;998155;
leave;998156;
journal;;
notfound;;
leave;998157;
leave;998158;
reimportFromSwissbib;998159;515925098
leave;998160;
leave;998161;
iff_doc_missing;CSV line 1305;298973928
HSB01duplicate;998162;125419
HSB01duplicate;998163;5924
reimportFromSwissbib;998164;277367492
leave;998165;
leave;998166;
notfound;;
iff_doc_missing;CSV line 1312;298973928
leave;998168;
bestcase;358637;
notfound;;
leave;998169;
notfound;;
notfound;;
replacefromSwissbib;993956;301033064
replacefromSwissbib;998170;258095415
iff_doc_missing;CSV line 1321;28069962X
notfound;;
replacefromSwissbib;998171;262627086
iff_doc_missing;CSV line 1324;298973928
HSB01duplicate;998172;100414
replacefromSwissbib;998173;275696065
leave;998174;
replacefromSwissbib;998175;177120096
leave;998176;
replacefromSwissbib;998177;295601280
journal;;
leave;998179;
iff_doc_missing;CSV line 1333;298973928
notfound;;
journal;;
leave;998181;
replacefromSwissbib;998182;280134150
HSB01duplicate;998183;99484
journal;;
journal;;
bestcase;99701;
journal;;
replacefromSwissbib;998145;134700864
iff_doc_missing;CSV line 1344;298973928
iff_doc_missing;CSV line 1345;298973928
notfound;;
notfound;;
iff_doc_missing;CSV line 1348;298973928
notfound;;
notfound;;
notfound;;
notfound;;
iff_doc_missing;CSV line 1353;298973928
notfound;;
notfound;;
HSB01duplicate;998188;125610
iff_doc_missing;CSV line 1357;298973928
notfound;;
iff_doc_missing;CSV line 1359;298973928
iff_doc_missing;CSV line 1360;298973928
notfound;;
notfound;;
HSB01duplicate;998189;126578
iff_doc_missing;CSV line 1364;298973928
notfound;;
notfound;;
notfound;;
notfound;;
iff_doc_missing;CSV line 1369;298973928
iff_doc_missing;CSV line 1370;298973928
iff_doc_missing;CSV line 1371;298973928
iff_doc_missing;CSV line 1372;298973928
notfound;;
notfound;;
leave;998190;
HSB01duplicate;991939;126649
iff_doc_missing;CSV line 1377;298973928
notfound;;
iff_doc_missing;CSV line 1379;298973928
notfound;;
leave;998191;
iff_doc_missing;CSV line 1382;298973928
iff_doc_missing;CSV line 1383;298973928
notfound;;
notfound;;
notfound;;
iff_doc_missing;CSV line 1387;298973928
iff_doc_missing;CSV line 1388;298973928
notfound;;
iff_doc_missing;CSV line 1390;298973928
journal;;
notfound;;
bestcase;76851;
iff_doc_missing;CSV line 1394;298973928
notfound;;
iff_doc_missing;CSV line 1396;298973928
notfound;;
iff_doc_missing;CSV line 1398;298973928
iff_doc_missing;CSV line 1399;298973928
bestcase;71434;
journal;;
notfound;;
iff_doc_missing;CSV line 1403;34183175
journal;;
HSB01duplicate;998194;243615
leave;998195;
HSB01duplicate;998196;684386
bestcase;99191;
replacefromSwissbib;998197;321796233
leave;998198;
leave;998199;
HSB01duplicate;998200;292
bestcase;99280;
notfound;;
HSB01duplicate;998072;98894
replacefromSwissbib;998202;107369702
notfound;;
reimportFromSwissbib;998203;297445812
iff_doc_missing;CSV line 1419;298973928
leave;998204;
leave;998205;
notfound;;
notfound;;
iff_doc_missing;CSV line 1424;298973928
replacefromSwissbib;998206;203271394
replacefromSwissbib;998207;280699190
notfound;;
iff_doc_missing;CSV line 1428;298973928
leave;998208;
leave;998209;
journal;;
notfound;;
notfound;;
HSB01duplicate;998210;126491
notfound;;
notfound;;
iff_doc_missing;CSV line 1437;298973928
bestcase;126620;
bestcase;126620;
iff_doc_missing;CSV line 1440;298973928
iff_doc_missing;CSV line 1441;298973928
notfound;;
iff_doc_missing;CSV line 1443;298973928
notfound;;
notfound;;
leave;998211;
notfound;;
notfound;;
iff_doc_missing;CSV line 1449;298973928
iff_doc_missing;CSV line 1450;298973928
notfound;;
iff_doc_missing;CSV line 1452;298973928
iff_doc_missing;CSV line 1453;298973928
iff_doc_missing;CSV line 1454;298973928
iff_doc_missing;CSV line 1455;298973928
notfound;;
notfound;;
iff_doc_missing;CSV line 1458;298973928
iff_doc_missing;CSV line 1459;298973928
iff_doc_missing;CSV line 1460;298973928
journal;;
journal;;
journal;;
journal;;
journal;;
journal;;
journal;;
journal;;
journal;;
journal;;
journal;;
journal;;
journal;;
journal;;
HSB01duplicate;998212;347574
journal;;
journal;;
journal;;
journal;;
journal;;
journal;;
journal;;
journal;;
journal;;
journal;;
journal;;
journal;;
journal;;
journal;;
journal;;
journal;;
journal;;
replacefromSwissbib;998213;284737364
journal;;
journal;;
journal;;
journal;;
journal;;
journal;;
journal;;
journal;;
journal;;
bestcase;125716;
journal;;
journal;;
journal;;
journal;;
journal;;
journal;;
reimportFromSwissbib;998214;515922560
journal;;
HSB01duplicate;998215;183387
journal;;
journal;;
journal;;
journal;;
leave;991670;
leave;991670;
journal;;
leave;991670;
leave;991670;
leave;991670;
leave;991670;
leave;991670;
leave;991670;
leave;991670;
leave;991670;
leave;991670;
leave;991670;
leave;991670;
leave;991670;
leave;991670;
leave;991670;
leave;991670;
leave;991670;
leave;991670;
replacefromSwissbib;991670;122749200
replacefromSwissbib;991670;122749200
replacefromSwissbib;991670;122749200
leave;991670;
replacefromSwissbib;991670;122749200
leave;991670;
leave;991670;
leave;991670;
leave;991670;
leave;991670;
journal;;
journal;;
journal;;
bestcase;542258;
journal;;
journal;;
journal;;
journal;;
journal;;
journal;;
journal;;
journal;;
journal;;
journal;;
journal;;
journal;;
journal;;
journal;;
journal;;
journal;;
journal;;
leave;991670;
iff_doc_missing;CSV line 1569;265829062
leave;998217;
reimportFromSwissbib;998218;273671340
notfound;;
notfound;;
notfound;;
notfound;;
replacefromSwissbib;998219;178879916
notfound;;
notfound;;
iff_doc_missing;CSV line 1579;150286236
unsure;;
notfound;;
reimportFromSwissbib;998220;275696170
notfound;;
reimportFromSwissbib;998221;515926299
notfound;;
notfound;;
notfound;;
notfound;;
notfound;;
notfound;;
notfound;;
notfound;;
leave;998222;
notfound;;
notfound;;
notfound;;
notfound;;
leave;998223;
notfound;;
notfound;;
notfound;;
notfound;;
notfound;;
leave;998224;
replacefromSwissbib;998225;127354131
notfound;;
notfound;;
HSB01duplicate;998226;361735
leave;991670;
leave;991670;
leave;991670;
replacefromSwissbib;991670;319495906
leave;991670;
leave;991670;
leave;991670;
leave;991670;
leave;991670;
leave;991670;
leave;991670;
leave;991670;
leave;991670;
leave;991670;
leave;991670;
leave;991670;
leave;991670;
leave;991670;
replacefromSwissbib;998227;280699336
replacefromSwissbib;998228;83476229
journal;;
notfound;;
leave;998229;
HSB01duplicate;998230;186094
leave;998231;
reimportFromSwissbib;998232;514750588
reimportFromSwissbib;998233;515929603
replacefromSwissbib;997063;203271394
HSB01duplicate;998235;348304
leave;998236;
notfound;;
replacefromSwissbib;998237;270198318
HSB01duplicate;998238;127274
leave;998239;
leave;998240;
reimportFromSwissbib;998241;51592931X
notfound;;
notfound;;
notfound;;
notfound;;
notfound;;
notfound;;
notfound;;
notfound;;
notfound;;
notfound;;
notfound;;
notfound;;
notfound;;
notfound;;
notfound;;
leave;998242;
notfound;;
notfound;;
notfound;;
notfound;;
iff_doc_missing;CSV line 1665;428015999
notfound;;
notfound;;
iff_doc_missing;CSV line 1668;428015999
notfound;;
notfound;;
notfound;;
notfound;;
notfound;;
notfound;;
notfound;;
notfound;;
notfound;;
iff_doc_missing;CSV line 1678;428015999
notfound;;
notfound;;
iff_doc_missing;CSV line 1681;428015999
notfound;;
iff_doc_missing;CSV line 1683;428015999
leave;998243;
iff_doc_missing;CSV line 1685;407404554
notfound;;
notfound;;
replacefromSwissbib;998244;274330806
notfound;;
iff_doc_missing;CSV line 1690;407404554
notfound;;
leave;998248;
HSB01duplicate;998246;649616
leave;998247;
bestcase;173658;
leave;998248;
leave;998248;
leave;998248;
replacefromSwissbib;998250;438533135
bestcase;126597;
journal;;
iff_doc_missing;CSV line 1702;438533135
leave;998252;
bestcase;95767;
bestcase;100032;
HSB01duplicate;998253;561132
leave;998254;
journal;;
reimportFromSwissbib;998256;515929433
notfound;;
leave;998258;
journal;;
leave;998258;
journal;;
notfound;;
reimportFromSwissbib;998261;268458162
notfound;;
reimportFromSwissbib;998263;515929018
replacefromSwissbib;998264;29186497X
HSB01duplicate;998265;127839
journal;;
bestcase;125613;
bestcase;125567;
HSB01duplicate;998266;58638
notfound;;
notfound;;
notfound;;
HSB01duplicate;998268;126340
leave;998269;
leave;998270;
iff_doc_missing;CSV line 1731;522986706
leave;998271;
replacefromSwissbib;998272;273124153
leave;998273;
iff_doc_missing;CSV line 1735;522986706
leave;998274;
HSB01duplicate;998217;16806
notfound;;
iff_doc_missing;CSV line 1739;291651860
HSB01duplicate;998277;125706
notfound;;
iff_doc_missing;CSV line 1742;428015999
iff_doc_missing;CSV line 1743;439054613
replacefromSwissbib;998278;435885804
notfound;;
notfound;;
replacefromSwissbib;998279;76912086
iff_doc_missing;CSV line 1748;428015999
iff_doc_missing;CSV line 1749;428015999
leave;998280;
leave;998231;
notfound;;
iff_doc_missing;CSV line 1753;428015999
HSB01duplicate;998281;126341
leave;998248;
leave;998248;
leave;998248;
bestcase;212247;
journal;;
leave;998248;
iff_doc_missing;CSV line 1761;03418323X
leave;998248;
leave;998248;
leave;998248;
leave;998248;
leave;998248;
leave;998284;
journal;;
leave;998248;
leave;998248;
leave;998248;
leave;998248;
leave;998248;
leave;998248;
leave;998248;
leave;998248;
leave;998248;
journal;;
leave;998248;
leave;998248;
leave;998248;
leave;998248;
leave;998248;
leave;998248;
leave;998248;
leave;998248;
leave;998248;
leave;998248;
leave;998248;
leave;998248;
leave;998248;
leave;998248;
leave;998248;
leave;998248;
leave;998248;
leave;998248;
leave;998248;
leave;998248;
leave;998248;
iff_doc_missing;CSV line 1800;137694768
leave;998248;
leave;998248;
leave;998248;
leave;998248;
leave;998248;
leave;998285;
leave;998248;
leave;998286;
leave;998248;
journal;;
leave;998248;
leave;997910;
leave;998248;
bestcase;99115;
leave;998248;
leave;998248;
replacefromSwissbib;998288;203559304
HSB01duplicate;998289;872673
leave;998290;
journal;;
bestcase;138788;
leave;998248;
HSB01duplicate;998292;99171
bestcase;125876;
HSB01duplicate;998293;13371
replacefromSwissbib;998294;180068784
iff_doc_missing;CSV line 1827;295506881
bestcase;204152;
notfound;;
iff_doc_missing;CSV line 1830;34157425
replacefromSwissbib;998297;20888906X
replacefromSwissbib;998298;264571401
replacefromSwissbib;998299;150137184
notfound;;
HSB01duplicate;998300;99652
bestcase;125997;
journal;;
iff_doc_missing;CSV line 1838;276617568
HSB01duplicate;998302;99281
reimportFromSwissbib;998303;260419249
HSB01duplicate;998304;93116
bestcase;125941;
HSB01duplicate;998305;183953
HSB01duplicate;998306;8279
HSB01duplicate;998307;204685
HSB01duplicate;998308;684384
leave;998309;
reimportFromSwissbib;998310;51592444X
leave;998311;
leave;998312;
replacefromSwissbib;998313;281397422
leave;997108;
HSB01duplicate;998314;153005
HSB01duplicate;998315;139253
leave;998316;
bestcase;45558;
leave;998317;
leave;998318;
leave;998319;
bestcase;99588;
leave;998320;
replacefromSwissbib;998321;416485723
bestcase;4000;
leave;998322;
HSB01duplicate;998323;654204
leave;998324;
HSB01duplicate;998325;16683
notfound;;
bestcase;345769;
leave;998327;
HSB01duplicate;998325;16683
journal;;
HSB01duplicate;998325;16683
leave;998329;
journal;;
leave;998329;
leave;998329;
leave;998248;
iff_doc_missing;CSV line 1879;523012780
replacefromSwissbib;998330;14807121X
leave;998331;
bestcase;4087;
journal;;
leave;998333;
replacefromSwissbib;998334;501550887
replacefromSwissbib;998335;417287208
leave;998336;
notfound;;
replacefromSwissbib;998338;412195984
leave;998339;
bestcase;99386;
HSB01duplicate;998340;99516
leave;998341;
bestcase;36445;
bestcase;100091;
replacefromSwissbib;998342;258094249
bestcase;204998;
notfound;;
journal;;
leave;998344;
leave;998345;
HSB01duplicate;998346;364749
bestcase;239984;
bestcase;281400;
HSB01duplicate;998347;100916
bestcase;6744;
HSB01duplicate;998348;99089
bestcase;103376;
HSB01duplicate;998349;10035
bestcase;40363;
HSB01duplicate;998115;358933
replacefromSwissbib;998350;54650955X
leave;998351;
replacefromSwissbib;998352;258675926
journal;;
HSB01duplicate;998354;651136
iff_doc_missing;CSV line 1917;271561343
bestcase;183504;
leave;998355;
reimportFromSwissbib;998356;515926183
leave;998357;
bestcase;358933;
HSB01duplicate;998358;126321
replacefromSwissbib;998359;20796811X
replacefromSwissbib;998360;260477974
leave;998361;
HSB01duplicate;998362;139525
leave;998363;
replacefromSwissbib;998364;278830587
bestcase;650801;
HSB01duplicate;998365;6303
HSB01duplicate;998366;6306
HSB01duplicate;998367;16900
HSB01duplicate;995157;203573
HSB01duplicate;998369;185894
journal;;
replacefromSwissbib;998371;284738204
journal;;
notfound;;
HSB01duplicate;998374;100924
leave;998375;
reimportFromSwissbib;998376;276259963
journal;;
leave;998377;
HSB01duplicate;998378;126587
replacefromSwissbib;998379;233592644
notfound;;
leave;998381;
HSB01duplicate;998382;125603
bestcase;99957;
bestcase;125772;
bestcase;99904;
bestcase;91505;
leave;998383;
bestcase;99819;
bestcase;17028;
bestcase;359630;
HSB01duplicate;998384;99883
journal;;
bestcase;9696;
bestcase;75110;
bestcase;99601;
leave;998386;
replacefromSwissbib;998387;157508781
bestcase;98708;
HSB01duplicate;998388;99801
journal;;
bestcase;332389;
bestcase;814;
leave;998389;
leave;998390;
leave;999578;
leave;998391;
journal;;
leave;998392;
replacefromSwissbib;998393;261760904
HSB01duplicate;998394;73359
notfound;;
HSB01duplicate;998396;72542
bestcase;125633;
bestcase;3904;
bestcase;26199;
notfound;;
leave;998398;
leave;998399;
leave;998400;
replacefromSwissbib;998401;277154251
reimportFromSwissbib;998402;514783990
leave;998403;
reimportFromSwissbib;998404;275911284
leave;998405;
HSB01duplicate;998406;34889
HSB01duplicate;998407;99912
leave;998408;
reimportFromSwissbib;998409;266157009
notfound;;
bestcase;126794;
notfound;;
replacefromSwissbib;994089;487190637
HSB01duplicate;998412;97342
